시설물명,위도,경도,카테고리
무단횡단방지펜스_성남-01-001_1,37.438974,127.167652,무단횡단방지펜스
무단횡단방지펜스_성남-01-001_2,37.438866,127.167363,무단횡단방지펜스
무단횡단방지펜스_성남-01-001_3,37.438718,127.166987,무단횡단방지펜스
무단횡단방지펜스_성남-01-001_4,37.438597,127.166671,무단횡단방지펜스
무단횡단방지펜스_성남-01-001_5,37.438482,127.166524,무단횡단방지펜스
무단횡단방지펜스_성남-01-001_6,37.438392,127.166581,무단횡단방지펜스
무단횡단방지펜스_성남-01-001_7,37.438085,127.166766,무단횡단방지펜스
무단횡단방지펜스_성남-01-001_8,37.437948,127.166847,무단횡단방지펜스
무단횡단방지펜스_성남-01-001_9,37.437589,127.167056,무단횡단방지펜스
무단횡단방지펜스_성남-01-001_10,37.437272,127.167247,무단횡단방지펜스
무단횡단방지펜스_성남-01-001_11,37.437181,127.167303,무단횡단방지펜스
무단횡단방지펜스_성남-01-002_12,37.446947,127.168375,무단횡단방지펜스
무단횡단방지펜스_성남-01-002_13,37.447071,127.168358,무단횡단방지펜스
무단횡단방지펜스_성남-01-002_14,37.447109,127.168584,무단횡단방지펜스
무단횡단방지펜스_성남-01-002_15,37.447207,127.169084,무단횡단방지펜스
무단횡단방지펜스_성남-01-002_16,37.447086,127.169075,무단횡단방지펜스
무단횡단방지펜스_성남-01-002_17,37.447402,127.170139,무단횡단방지펜스
무단횡단방지펜스_성남-01-002_18,37.447531,127.170801,무단횡단방지펜스
무단횡단방지펜스_성남-01-002_19,37.447455,127.170822,무단횡단방지펜스
무단횡단방지펜스_성남-01-002_20,37.447569,127.171444,무단횡단방지펜스
무단횡단방지펜스_성남-01-002_21,37.447727,127.172188,무단횡단방지펜스
무단횡단방지펜스_성남-01-002_22,37.447326,127.170718,무단횡단방지펜스
무단횡단방지펜스_성남-01-002_23,37.447071,127.169536,무단횡단방지펜스
무단횡단방지펜스_성남-01-002_24,37.446982,127.169112,무단횡단방지펜스
무단횡단방지펜스_성남-01-002_25,37.446743,127.169089,무단횡단방지펜스
무단횡단방지펜스_성남-01-002_26,37.446306,127.169232,무단횡단방지펜스
무단횡단방지펜스_성남-01-002_27,37.445971,127.169344,무단횡단방지펜스
무단횡단방지펜스_성남-01-002_28,37.446911,127.168761,무단횡단방지펜스
무단횡단방지펜스_성남-01-002_29,37.446879,127.168621,무단횡단방지펜스
무단횡단방지펜스_성남-01-002_30,37.446865,127.168566,무단횡단방지펜스
무단횡단방지펜스_성남-01-002_31,37.446834,127.168411,무단횡단방지펜스
무단횡단방지펜스_성남-01-002_32,37.446794,127.168211,무단횡단방지펜스
무단횡단방지펜스_성남-01-003_33,37.450728,127.166024,무단횡단방지펜스
무단횡단방지펜스_성남-01-003_34,37.450841,127.166069,무단횡단방지펜스
무단횡단방지펜스_성남-01-003_35,37.450865,127.166177,무단횡단방지펜스
무단횡단방지펜스_성남-01-003_36,37.451296,127.165689,무단횡단방지펜스
무단횡단방지펜스_성남-01-003_37,37.450888,127.165555,무단횡단방지펜스
무단횡단방지펜스_성남-01-003_38,37.450808,127.165244,무단횡단방지펜스
무단횡단방지펜스_성남-01-003_39,37.450792,127.165092,무단횡단방지펜스
무단횡단방지펜스_성남-01-003_40,37.450682,127.164645,무단횡단방지펜스
무단횡단방지펜스_성남-01-003_41,37.450121,127.162591,무단횡단방지펜스
무단횡단방지펜스_성남-01-003_42,37.450554,127.164707,무단횡단방지펜스
무단횡단방지펜스_성남-01-003_43,37.450621,127.165006,무단횡단방지펜스
무단횡단방지펜스_성남-01-003_44,37.450677,127.165298,무단횡단방지펜스
무단횡단방지펜스_성남-01-003_45,37.450733,127.165597,무단횡단방지펜스
무단횡단방지펜스_성남-01-003_46,37.449874,127.166135,무단횡단방지펜스
무단횡단방지펜스_성남-01-003_47,37.449989,127.166096,무단횡단방지펜스
무단횡단방지펜스_성남-01-004_48,37.442751,127.180784,무단횡단방지펜스
무단횡단방지펜스_성남-01-004_49,37.442736,127.181276,무단횡단방지펜스
무단횡단방지펜스_성남-01-004_50,37.443062,127.181331,무단횡단방지펜스
무단횡단방지펜스_성남-01-004_51,37.443387,127.181342,무단횡단방지펜스
무단횡단방지펜스_성남-01-004_52,37.443666,127.181354,무단횡단방지펜스
무단횡단방지펜스_성남-01-004_53,37.443876,127.181159,무단횡단방지펜스
무단횡단방지펜스_성남-01-004_54,37.443883,127.180923,무단횡단방지펜스
무단횡단방지펜스_성남-01-004_55,37.443888,127.180663,무단횡단방지펜스
무단횡단방지펜스_성남-01-004_56,37.443895,127.180361,무단횡단방지펜스
무단횡단방지펜스_성남-01-004_57,37.443905,127.179982,무단횡단방지펜스
무단횡단방지펜스_성남-01-004_58,37.443923,127.179521,무단횡단방지펜스
무단횡단방지펜스_성남-01-004_59,37.442599,127.179303,무단횡단방지펜스
무단횡단방지펜스_성남-01-004_60,37.442331,127.179277,무단횡단방지펜스
무단횡단방지펜스_성남-01-004_61,37.442001,127.179248,무단횡단방지펜스
무단횡단방지펜스_성남-01-004_62,37.441714,127.179222,무단횡단방지펜스
무단횡단방지펜스_성남-01-004_63,37.441281,127.178985,무단횡단방지펜스
무단횡단방지펜스_성남-01-004_64,37.441505,127.178839,무단횡단방지펜스
무단횡단방지펜스_성남-01-004_65,37.441663,127.178464,무단횡단방지펜스
무단횡단방지펜스_성남-01-004_66,37.442156,127.180538,무단횡단방지펜스
무단횡단방지펜스_성남-01-004_67,37.441438,127.180155,무단횡단방지펜스
무단횡단방지펜스_성남-01-004_68,37.441551,127.180161,무단횡단방지펜스
무단횡단방지펜스_성남-01-004_69,37.441515,127.179898,무단횡단방지펜스
무단횡단방지펜스_성남-01-004_70,37.441486,127.179545,무단횡단방지펜스
무단횡단방지펜스_성남-01-004_71,37.441391,127.179661,무단횡단방지펜스
무단횡단방지펜스_성남-01-004_72,37.441365,127.179412,무단횡단방지펜스
무단횡단방지펜스_성남-01-004_73,37.440757,127.179114,무단횡단방지펜스
무단횡단방지펜스_성남-01-004_74,37.441141,127.179008,무단횡단방지펜스
무단횡단방지펜스_성남-01-004_75,37.441113,127.179163,무단횡단방지펜스
무단횡단방지펜스_성남-01-004_76,37.441304,127.179194,무단횡단방지펜스
무단횡단방지펜스_성남-01-004_77,37.441498,127.179019,무단횡단방지펜스
무단횡단방지펜스_성남-01-005_78,37.414057,127.157423,무단횡단방지펜스
무단횡단방지펜스_성남-01-005_79,37.414014,127.157557,무단횡단방지펜스
무단횡단방지펜스_성남-01-005_80,37.413919,127.157831,무단횡단방지펜스
무단횡단방지펜스_성남-01-005_81,37.413815,127.158073,무단횡단방지펜스
무단횡단방지펜스_성남-01-005_82,37.413788,127.158392,무단횡단방지펜스
무단횡단방지펜스_성남-01-005_83,37.413956,127.158514,무단횡단방지펜스
무단횡단방지펜스_성남-01-005_84,37.414334,127.158778,무단횡단방지펜스
무단횡단방지펜스_성남-01-005_85,37.414591,127.158962,무단횡단방지펜스
무단횡단방지펜스_성남-01-005_86,37.414791,127.159098,무단횡단방지펜스
무단횡단방지펜스_성남-01-005_87,37.414976,127.159228,무단횡단방지펜스
무단횡단방지펜스_성남-01-005_88,37.414924,127.159298,무단횡단방지펜스
무단횡단방지펜스_성남-01-005_89,37.414973,127.159421,무단횡단방지펜스
무단횡단방지펜스_성남-01-005_90,37.414821,127.159315,무단횡단방지펜스
무단횡단방지펜스_성남-01-005_91,37.414663,127.159207,무단횡단방지펜스
무단횡단방지펜스_성남-01-005_92,37.414658,127.159106,무단횡단방지펜스
무단횡단방지펜스_성남-01-005_93,37.414395,127.159052,무단횡단방지펜스
무단횡단방지펜스_성남-01-005_94,37.414289,127.158859,무단횡단방지펜스
무단횡단방지펜스_성남-01-005_95,37.413947,127.158624,무단횡단방지펜스
무단횡단방지펜스_성남-01-005_96,37.413861,127.158647,무단횡단방지펜스
무단횡단방지펜스_성남-01-005_97,37.413444,127.158874,무단횡단방지펜스
무단횡단방지펜스_성남-01-005_98,37.413327,127.158801,무단횡단방지펜스
무단횡단방지펜스_성남-01-005_99,37.413642,127.158002,무단횡단방지펜스
무단횡단방지펜스_성남-01-005_100,37.413678,127.157833,무단횡단방지펜스
무단횡단방지펜스_성남-01-005_101,37.413737,127.157652,무단횡단방지펜스
무단횡단방지펜스_성남-01-005_102,37.413829,127.157359,무단횡단방지펜스
무단횡단방지펜스_성남-01-005_103,37.413865,127.157633,무단횡단방지펜스
무단횡단방지펜스_성남-01-006_104,37.337824,127.116324,무단횡단방지펜스
무단횡단방지펜스_성남-01-006_105,37.339453,127.115941,무단횡단방지펜스
무단횡단방지펜스_성남-01-006_106,37.338089,127.114923,무단횡단방지펜스
무단횡단방지펜스_성남-01-006_107,37.337856,127.115955,무단횡단방지펜스
무단횡단방지펜스_성남-01-006_108,37.337977,127.116481,무단횡단방지펜스
무단횡단방지펜스_성남-01-006_109,37.338098,127.117262,무단횡단방지펜스
무단횡단방지펜스_성남-01-006_110,37.338101,127.118495,무단횡단방지펜스
무단횡단방지펜스_성남-01-006_111,37.338483,127.119884,무단횡단방지펜스
무단횡단방지펜스_성남-01-006_112,37.337749,127.118959,무단횡단방지펜스
무단횡단방지펜스_성남-01-006_113,37.337749,127.119131,무단횡단방지펜스
무단횡단방지펜스_성남-01-006_114,37.337497,127.118964,무단횡단방지펜스
무단횡단방지펜스_성남-01-006_115,37.337394,127.118957,무단횡단방지펜스
무단횡단방지펜스_성남-01-006_116,37.337331,127.119134,무단횡단방지펜스
무단횡단방지펜스_성남-01-006_117,37.337091,127.119125,무단횡단방지펜스
무단횡단방지펜스_성남-01-006_118,37.336791,127.118848,무단횡단방지펜스
무단횡단방지펜스_성남-01-006_119,37.336436,127.118589,무단횡단방지펜스
무단횡단방지펜스_성남-01-006_120,37.336377,127.118759,무단횡단방지펜스
무단횡단방지펜스_성남-01-006_121,37.336593,127.118915,무단횡단방지펜스
무단횡단방지펜스_성남-01-006_122,37.336202,127.118568,무단횡단방지펜스
무단횡단방지펜스_성남-01-006_123,37.336103,127.118113,무단횡단방지펜스
무단횡단방지펜스_성남-01-006_124,37.336148,127.118469,무단횡단방지펜스
무단횡단방지펜스_성남-01-006_125,37.336101,127.118392,무단횡단방지펜스
무단횡단방지펜스_성남-01-006_126,37.335995,127.118217,무단횡단방지펜스
무단횡단방지펜스_성남-01-006_127,37.335885,127.118042,무단횡단방지펜스
무단횡단방지펜스_성남-01-007_128,37.373256,127.120979,무단횡단방지펜스
무단횡단방지펜스_성남-01-007_129,37.372161,127.122188,무단횡단방지펜스
무단횡단방지펜스_성남-01-007_130,37.373392,127.122343,무단횡단방지펜스
무단횡단방지펜스_성남-01-007_131,37.373058,127.122704,무단횡단방지펜스
무단횡단방지펜스_성남-01-008_132,37.408543,127.129026,무단횡단방지펜스
무단횡단방지펜스_성남-01-008_133,37.408548,127.129233,무단횡단방지펜스
무단횡단방지펜스_성남-01-008_134,37.408856,127.129487,무단횡단방지펜스
무단횡단방지펜스_성남-01-008_135,37.409471,127.129491,무단횡단방지펜스
무단횡단방지펜스_성남-01-008_136,37.409748,127.129678,무단횡단방지펜스
무단횡단방지펜스_성남-01-008_137,37.409738,127.129836,무단횡단방지펜스
무단횡단방지펜스_성남-01-008_138,37.409977,127.130139,무단횡단방지펜스
무단횡단방지펜스_성남-01-008_139,37.409679,127.130649,무단횡단방지펜스
무단횡단방지펜스_성남-01-008_140,37.409668,127.130751,무단횡단방지펜스
무단횡단방지펜스_성남-01-008_141,37.409685,127.129496,무단횡단방지펜스
무단횡단방지펜스_성남-01-009_142,37.349621,127.115907,무단횡단방지펜스
무단횡단방지펜스_성남-01-009_143,37.349542,127.115907,무단횡단방지펜스
무단횡단방지펜스_성남-01-009_144,37.348909,127.116078,무단횡단방지펜스
무단횡단방지펜스_성남-01-009_145,37.348761,127.115909,무단횡단방지펜스
무단횡단방지펜스_성남-01-009_146,37.348459,127.115909,무단횡단방지펜스
무단횡단방지펜스_성남-01-009_147,37.348317,127.115909,무단횡단방지펜스
무단횡단방지펜스_성남-01-009_148,37.348121,127.116078,무단횡단방지펜스
무단횡단방지펜스_성남-01-009_149,37.348088,127.115909,무단횡단방지펜스
무단횡단방지펜스_성남-01-009_150,37.347426,127.115909,무단횡단방지펜스
무단횡단방지펜스_성남-01-009_151,37.346825,127.115911,무단횡단방지펜스
무단횡단방지펜스_성남-01-009_152,37.346617,127.116843,무단횡단방지펜스
무단횡단방지펜스_성남-01-010_153,37.371172,127.111834,무단횡단방지펜스
무단횡단방지펜스_성남-01-010_154,37.371326,127.111905,무단횡단방지펜스
무단횡단방지펜스_성남-01-010_155,37.371474,127.111908,무단횡단방지펜스
무단횡단방지펜스_성남-01-010_156,37.371695,127.111943,무단횡단방지펜스
무단횡단방지펜스_성남-01-010_157,37.371781,127.112214,무단횡단방지펜스
무단횡단방지펜스_성남-01-010_158,37.371731,127.112081,무단횡단방지펜스
무단횡단방지펜스_성남-01-010_159,37.373841,127.112553,무단횡단방지펜스
무단횡단방지펜스_성남-01-010_160,37.373746,127.112665,무단횡단방지펜스
무단횡단방지펜스_성남-01-010_161,37.373638,127.112524,무단횡단방지펜스
무단횡단방지펜스_성남-01-010_162,37.373566,127.112422,무단횡단방지펜스
무단횡단방지펜스_성남-01-010_163,37.373499,127.112332,무단횡단방지펜스
무단횡단방지펜스_성남-01-010_164,37.373565,127.112166,무단횡단방지펜스
무단횡단방지펜스_성남-01-010_165,37.373225,127.111682,무단횡단방지펜스
무단횡단방지펜스_성남-01-010_166,37.373297,127.112044,무단횡단방지펜스
무단횡단방지펜스_성남-01-010_167,37.373223,127.111948,무단횡단방지펜스
무단횡단방지펜스_성남-01-010_168,37.373151,127.111849,무단횡단방지펜스
무단횡단방지펜스_성남-01-010_169,37.372921,127.111527,무단횡단방지펜스
무단횡단방지펜스_성남-01-010_170,37.372931,127.111281,무단횡단방지펜스
무단횡단방지펜스_성남-01-010_171,37.372806,127.111364,무단횡단방지펜스
무단횡단방지펜스_성남-01-010_172,37.372583,127.110801,무단횡단방지펜스
무단횡단방지펜스_성남-01-010_173,37.372545,127.110998,무단횡단방지펜스
무단횡단방지펜스_성남-01-011_174,37.380066,127.128936,무단횡단방지펜스
무단횡단방지펜스_성남-01-011_175,37.379831,127.129196,무단횡단방지펜스
무단횡단방지펜스_성남-01-011_176,37.379507,127.129551,무단횡단방지펜스
무단횡단방지펜스_성남-01-011_177,37.379231,127.129968,무단횡단방지펜스
무단횡단방지펜스_성남-01-011_178,37.379207,127.130355,무단횡단방지펜스
무단횡단방지펜스_성남-01-011_179,37.378956,127.130498,무단횡단방지펜스
무단횡단방지펜스_성남-01-011_180,37.378482,127.131221,무단횡단방지펜스
무단횡단방지펜스_성남-01-011_181,37.378333,127.131399,무단횡단방지펜스
무단횡단방지펜스_성남-01-011_182,37.378063,127.131705,무단횡단방지펜스
무단횡단방지펜스_성남-01-012_183,37.418868,127.131004,무단횡단방지펜스
무단횡단방지펜스_성남-01-012_184,37.418868,127.131871,무단횡단방지펜스
무단횡단방지펜스_성남-01-012_185,37.418867,127.132357,무단횡단방지펜스
무단횡단방지펜스_성남-01-012_186,37.419048,127.132361,무단횡단방지펜스
무단횡단방지펜스_성남-01-012_187,37.419289,127.132361,무단횡단방지펜스
무단횡단방지펜스_성남-01-012_188,37.419709,127.132361,무단횡단방지펜스
무단횡단방지펜스_성남-01-012_189,37.419709,127.132441,무단횡단방지펜스
무단횡단방지펜스_성남-01-012_190,37.419289,127.132441,무단횡단방지펜스
무단횡단방지펜스_성남-01-012_191,37.418982,127.132442,무단횡단방지펜스
무단횡단방지펜스_성남-01-012_192,37.418867,127.132447,무단횡단방지펜스
무단횡단방지펜스_성남-01-012_193,37.418867,127.132645,무단횡단방지펜스
무단횡단방지펜스_성남-01-012_194,37.418867,127.133295,무단횡단방지펜스
무단횡단방지펜스_성남-01-012_195,37.418867,127.133783,무단횡단방지펜스
무단횡단방지펜스_성남-01-012_196,37.418862,127.133933,무단횡단방지펜스
무단횡단방지펜스_성남-01-012_197,37.418862,127.134099,무단횡단방지펜스
무단횡단방지펜스_성남-01-012_198,37.418854,127.134529,무단횡단방지펜스
무단횡단방지펜스_성남-01-012_199,37.418801,127.135139,무단횡단방지펜스
무단횡단방지펜스_성남-01-012_200,37.418609,127.136079,무단횡단방지펜스
무단횡단방지펜스_성남-01-012_201,37.418426,127.136073,무단횡단방지펜스
무단횡단방지펜스_성남-01-012_202,37.418544,127.135652,무단횡단방지펜스
무단횡단방지펜스_성남-01-012_203,37.418548,127.135624,무단횡단방지펜스
무단횡단방지펜스_성남-01-012_204,37.418669,127.134715,무단횡단방지펜스
무단횡단방지펜스_성남-01-012_205,37.418688,127.134093,무단횡단방지펜스
무단횡단방지펜스_성남-01-012_206,37.418661,127.133803,무단횡단방지펜스
무단횡단방지펜스_성남-01-012_207,37.418693,127.133252,무단횡단방지펜스
무단횡단방지펜스_성남-01-012_208,37.418694,127.132684,무단횡단방지펜스
무단횡단방지펜스_성남-01-012_209,37.418696,127.132413,무단횡단방지펜스
무단횡단방지펜스_성남-01-012_210,37.418695,127.131634,무단횡단방지펜스
무단횡단방지펜스_성남-01-012_211,37.418695,127.130902,무단횡단방지펜스
무단횡단방지펜스_성남-01-012_212,37.418483,127.133819,무단횡단방지펜스
무단횡단방지펜스_성남-01-012_213,37.418483,127.134048,무단횡단방지펜스
무단횡단방지펜스_성남-01-012_214,37.418093,127.133819,무단횡단방지펜스
무단횡단방지펜스_성남-01-012_215,37.417926,127.134048,무단횡단방지펜스
무단횡단방지펜스_성남-01-012_216,37.417591,127.133818,무단횡단방지펜스
무단횡단방지펜스_성남-01-012_217,37.417316,127.133814,무단횡단방지펜스
무단횡단방지펜스_성남-01-012_218,37.417314,127.134046,무단횡단방지펜스
무단횡단방지펜스_성남-01-013_219,37.360387,127.114652,무단횡단방지펜스
무단횡단방지펜스_성남-01-013_220,37.360387,127.115013,무단횡단방지펜스
무단횡단방지펜스_성남-01-013_221,37.360878,127.114831,무단횡단방지펜스
무단횡단방지펜스_성남-01-013_222,37.360901,127.115012,무단횡단방지펜스
무단횡단방지펜스_성남-01-013_223,37.361403,127.115012,무단횡단방지펜스
무단횡단방지펜스_성남-01-013_224,37.361547,127.114649,무단횡단방지펜스
무단횡단방지펜스_성남-01-013_225,37.361898,127.115011,무단횡단방지펜스
무단횡단방지펜스_성남-01-013_226,37.361962,127.114641,무단횡단방지펜스
무단횡단방지펜스_성남-01-013_227,37.362387,127.114831,무단횡단방지펜스
무단횡단방지펜스_성남-01-013_228,37.362374,127.114997,무단횡단방지펜스
무단횡단방지펜스_성남-01-013_229,37.362604,127.115001,무단횡단방지펜스
무단횡단방지펜스_성남-01-013_230,37.362755,127.115001,무단횡단방지펜스
무단횡단방지펜스_성남-01-013_231,37.363107,127.114634,무단횡단방지펜스
무단횡단방지펜스_성남-01-013_232,37.363088,127.115005,무단횡단방지펜스
무단횡단방지펜스_성남-01-014_233,37.405284,127.126938,무단횡단방지펜스
무단횡단방지펜스_성남-01-014_234,37.405291,127.126633,무단횡단방지펜스
무단횡단방지펜스_성남-01-014_235,37.405287,127.126399,무단횡단방지펜스
무단횡단방지펜스_성남-01-014_236,37.405287,127.125936,무단횡단방지펜스
무단횡단방지펜스_성남-01-014_237,37.405693,127.125311,무단횡단방지펜스
무단횡단방지펜스_성남-01-014_238,37.405752,127.125584,무단횡단방지펜스
무단횡단방지펜스_성남-01-014_239,37.405941,127.125446,무단횡단방지펜스
무단횡단방지펜스_성남-01-014_240,37.406191,127.125571,무단횡단방지펜스
무단횡단방지펜스_성남-01-014_241,37.406756,127.125557,무단횡단방지펜스
무단횡단방지펜스_성남-01-014_242,37.407026,127.125555,무단횡단방지펜스
무단횡단방지펜스_성남-01-014_243,37.407207,127.125276,무단횡단방지펜스
무단횡단방지펜스_성남-01-014_244,37.407322,127.125547,무단횡단방지펜스
무단횡단방지펜스_성남-01-014_245,37.407291,127.125276,무단횡단방지펜스
무단횡단방지펜스_성남-01-014_246,37.407721,127.125528,무단횡단방지펜스
무단횡단방지펜스_성남-01-014_247,37.408699,127.125264,무단횡단방지펜스
무단횡단방지펜스_성남-01-015_248,37.356908,127.106109,무단횡단방지펜스
무단횡단방지펜스_성남-01-015_249,37.357399,127.106109,무단횡단방지펜스
무단횡단방지펜스_성남-01-015_250,37.357998,127.106109,무단횡단방지펜스
무단횡단방지펜스_성남-01-015_251,37.361042,127.105862,무단횡단방지펜스
무단횡단방지펜스_성남-01-015_252,37.360314,127.105862,무단횡단방지펜스
무단횡단방지펜스_성남-01-015_253,37.359508,127.105871,무단횡단방지펜스
무단횡단방지펜스_성남-01-015_254,37.359215,127.105871,무단횡단방지펜스
무단횡단방지펜스_성남-01-015_255,37.358983,127.105871,무단횡단방지펜스
무단횡단방지펜스_성남-01-015_256,37.359073,127.105987,무단횡단방지펜스
무단횡단방지펜스_성남-01-015_257,37.358627,127.105876,무단횡단방지펜스
무단횡단방지펜스_성남-01-015_258,37.358641,127.105987,무단횡단방지펜스
무단횡단방지펜스_성남-01-015_259,37.358441,127.105876,무단횡단방지펜스
무단횡단방지펜스_성남-01-015_260,37.358053,127.105881,무단횡단방지펜스
무단횡단방지펜스_성남-01-015_261,37.357721,127.105881,무단횡단방지펜스
무단횡단방지펜스_성남-01-015_262,37.357399,127.105886,무단횡단방지펜스
무단횡단방지펜스_성남-01-015_263,37.357093,127.105886,무단횡단방지펜스
무단횡단방지펜스_성남-01-015_264,37.356868,127.105886,무단횡단방지펜스
무단횡단방지펜스_성남-01-016_265,37.396547,127.117016,무단횡단방지펜스
무단횡단방지펜스_성남-01-016_266,37.396831,127.117016,무단횡단방지펜스
무단횡단방지펜스_성남-01-016_267,37.396155,127.118314,무단횡단방지펜스
무단횡단방지펜스_성남-01-016_268,37.396615,127.116633,무단횡단방지펜스
무단횡단방지펜스_성남-01-016_269,37.395579,127.117015,무단횡단방지펜스
무단횡단방지펜스_성남-01-016_270,37.396159,127.117469,무단횡단방지펜스
무단횡단방지펜스_성남-01-016_271,37.396283,127.117469,무단횡단방지펜스
무단횡단방지펜스_성남-01-016_272,37.396073,127.118372,무단횡단방지펜스
무단횡단방지펜스_성남-01-016_273,37.395985,127.118372,무단횡단방지펜스
무단횡단방지펜스_성남-01-016_274,37.395312,127.118372,무단횡단방지펜스
무단횡단방지펜스_성남-01-016_275,37.394779,127.118365,무단횡단방지펜스
무단횡단방지펜스_성남-01-016_276,37.395659,127.118372,무단횡단방지펜스
무단횡단방지펜스_성남-01-016_277,37.395776,127.118372,무단횡단방지펜스
무단횡단방지펜스_성남-01-016_278,37.396273,127.118481,무단횡단방지펜스
무단횡단방지펜스_성남-01-016_279,37.395672,127.116627,무단횡단방지펜스
무단횡단방지펜스_성남-01-016_280,37.394441,127.117012,무단횡단방지펜스
무단횡단방지펜스_성남-01-017_281,37.390394,127.081323,무단횡단방지펜스
무단횡단방지펜스_성남-01-017_282,37.390362,127.081481,무단횡단방지펜스
무단횡단방지펜스_성남-01-017_283,37.389664,127.081314,무단횡단방지펜스
무단횡단방지펜스_성남-01-017_284,37.389696,127.081107,무단횡단방지펜스
무단횡단방지펜스_성남-01-017_285,37.389155,127.080963,무단횡단방지펜스
무단횡단방지펜스_성남-01-017_286,37.389381,127.081209,무단횡단방지펜스
무단횡단방지펜스_성남-01-017_287,37.389124,127.081124,무단횡단방지펜스
무단횡단방지펜스_성남-01-017_288,37.388566,127.080508,무단횡단방지펜스
무단횡단방지펜스_성남-01-017_289,37.388757,127.080101,무단횡단방지펜스
무단횡단방지펜스_성남-01-017_290,37.388676,127.079873,무단횡단방지펜스
무단횡단방지펜스_성남-01-017_291,37.389001,127.078931,무단횡단방지펜스
무단횡단방지펜스_성남-01-017_292,37.388884,127.078848,무단횡단방지펜스
무단횡단방지펜스_성남-01-017_293,37.389108,127.078383,무단횡단방지펜스
무단횡단방지펜스_성남-01-017_294,37.389119,127.077671,무단횡단방지펜스
무단횡단방지펜스_성남-01-017_295,37.389162,127.078086,무단횡단방지펜스
무단횡단방지펜스_성남-01-017_296,37.389379,127.076881,무단횡단방지펜스
무단횡단방지펜스_성남-01-017_297,37.389238,127.075935,무단횡단방지펜스
무단횡단방지펜스_성남-01-017_298,37.389368,127.075891,무단횡단방지펜스
무단횡단방지펜스_성남-01-017_299,37.389344,127.075018,무단횡단방지펜스
무단횡단방지펜스_성남-01-017_300,37.389425,127.075235,무단횡단방지펜스
무단횡단방지펜스_성남-01-017_301,37.389037,127.075387,무단횡단방지펜스
무단횡단방지펜스_성남-01-017_302,37.388999,127.075557,무단횡단방지펜스
무단횡단방지펜스_성남-01-017_303,37.389727,127.075563,무단횡단방지펜스
무단횡단방지펜스_성남-01-017_304,37.389914,127.075574,무단횡단방지펜스
무단횡단방지펜스_성남-01-018_305,37.391594,127.068964,무단횡단방지펜스
무단횡단방지펜스_성남-01-018_306,37.391625,127.067517,무단횡단방지펜스
무단횡단방지펜스_성남-01-018_307,37.391437,127.067312,무단횡단방지펜스
무단횡단방지펜스_성남-01-018_308,37.391341,127.067182,무단횡단방지펜스
무단횡단방지펜스_성남-01-018_309,37.391321,127.068331,무단횡단방지펜스
무단횡단방지펜스_성남-01-018_310,37.391467,127.068387,무단횡단방지펜스
무단횡단방지펜스_성남-01-018_311,37.391489,127.068821,무단횡단방지펜스
무단횡단방지펜스_성남-01-018_312,37.391056,127.068071,무단횡단방지펜스
무단횡단방지펜스_성남-01-018_313,37.391137,127.067837,무단횡단방지펜스
무단횡단방지펜스_성남-01-018_314,37.390965,127.067803,무단횡단방지펜스
무단횡단방지펜스_성남-01-018_315,37.390811,127.067782,무단횡단방지펜스
무단횡단방지펜스_성남-01-018_316,37.391816,127.067926,무단횡단방지펜스
무단횡단방지펜스_성남-01-018_317,37.391769,127.068145,무단횡단방지펜스
무단횡단방지펜스_성남-01-018_318,37.391904,127.068168,무단횡단방지펜스
무단횡단방지펜스_성남-01-018_319,37.392202,127.068009,무단횡단방지펜스
무단횡단방지펜스_성남-01-018_320,37.392231,127.068018,무단횡단방지펜스
무단횡단방지펜스_성남-01-018_321,37.392261,127.068223,무단횡단방지펜스
무단횡단방지펜스_성남-01-018_322,37.392447,127.067983,무단횡단방지펜스
무단횡단방지펜스_성남-01-018_323,37.392554,127.067621,무단횡단방지펜스
무단횡단방지펜스_성남-01-018_324,37.392621,127.066932,무단횡단방지펜스
무단횡단방지펜스_성남-01-018_325,37.392674,127.066341,무단횡단방지펜스
무단횡단방지펜스_성남-01-018_326,37.392721,127.066353,무단횡단방지펜스
무단횡단방지펜스_성남-01-018_327,37.392684,127.066814,무단횡단방지펜스
무단횡단방지펜스_성남-01-018_328,37.392655,127.067212,무단횡단방지펜스
무단횡단방지펜스_성남-01-018_329,37.392603,127.067777,무단횡단방지펜스
무단횡단방지펜스_성남-01-018_330,37.392651,127.068031,무단횡단방지펜스
무단횡단방지펜스_성남-01-018_331,37.392448,127.068269,무단횡단방지펜스
무단횡단방지펜스_성남-01-018_332,37.392619,127.068539,무단횡단방지펜스
무단횡단방지펜스_성남-01-018_333,37.392757,127.068458,무단횡단방지펜스
무단횡단방지펜스_성남-01-018_334,37.392796,127.068919,무단횡단방지펜스
무단횡단방지펜스_성남-01-018_335,37.392891,127.068745,무단횡단방지펜스
무단횡단방지펜스_성남-01-018_336,37.393026,127.069539,무단횡단방지펜스
무단횡단방지펜스_성남-01-019_337,37.392461,127.098315,무단횡단방지펜스
무단횡단방지펜스_성남-01-019_338,37.392989,127.098349,무단횡단방지펜스
무단횡단방지펜스_성남-01-019_339,37.393102,127.098166,무단횡단방지펜스
무단횡단방지펜스_성남-01-019_340,37.393321,127.098336,무단횡단방지펜스
무단횡단방지펜스_성남-01-019_341,37.393598,127.098151,무단횡단방지펜스
무단횡단방지펜스_성남-01-019_342,37.393949,127.098308,무단횡단방지펜스
무단횡단방지펜스_성남-01-019_343,37.394143,127.098125,무단횡단방지펜스
무단횡단방지펜스_성남-01-019_344,37.394641,127.098766,무단횡단방지펜스
무단횡단방지펜스_성남-01-019_345,37.394796,127.098657,무단횡단방지펜스
무단횡단방지펜스_성남-01-019_346,37.395208,127.098242,무단횡단방지펜스
무단횡단방지펜스_성남-01-019_347,37.395139,127.098073,무단횡단방지펜스
무단횡단방지펜스_성남-01-019_348,37.395727,127.098051,무단횡단방지펜스
무단횡단방지펜스_성남-01-019_349,37.395994,127.098201,무단횡단방지펜스
무단횡단방지펜스_성남-01-019_350,37.394637,127.099433,무단횡단방지펜스
무단횡단방지펜스_성남-01-019_351,37.394792,127.099404,무단횡단방지펜스
무단횡단방지펜스_성남-01-019_352,37.394651,127.099825,무단횡단방지펜스
무단횡단방지펜스_성남-01-019_353,37.394779,127.099856,무단횡단방지펜스
무단횡단방지펜스_성남-01-019_354,37.394648,127.099972,무단횡단방지펜스
무단횡단방지펜스_성남-01-019_355,37.394645,127.100138,무단횡단방지펜스
무단횡단방지펜스_성남-01-019_356,37.394904,127.100198,무단횡단방지펜스
무단횡단방지펜스_성남-01-019_357,37.393977,127.099715,무단횡단방지펜스
무단횡단방지펜스_성남-01-019_358,37.393508,127.099591,무단횡단방지펜스
무단횡단방지펜스_성남-01-019_359,37.393511,127.099125,무단횡단방지펜스
무단횡단방지펜스_성남-01-020_360,37.386457,127.111042,무단횡단방지펜스
무단횡단방지펜스_성남-01-020_361,37.386662,127.111045,무단횡단방지펜스
무단횡단방지펜스_성남-01-020_362,37.387255,127.111048,무단횡단방지펜스
무단횡단방지펜스_성남-01-020_363,37.387621,127.111041,무단횡단방지펜스
무단횡단방지펜스_성남-01-020_364,37.387938,127.110051,무단횡단방지펜스
무단횡단방지펜스_성남-01-020_365,37.387826,127.109367,무단횡단방지펜스
무단횡단방지펜스_성남-01-020_366,37.387824,127.108808,무단횡단방지펜스
무단횡단방지펜스_성남-01-020_367,37.387827,127.108667,무단횡단방지펜스
무단횡단방지펜스_성남-01-020_368,37.388074,127.109336,무단횡단방지펜스
무단횡단방지펜스_성남-01-020_369,37.388073,127.110441,무단횡단방지펜스
무단횡단방지펜스_성남-01-020_370,37.388072,127.110846,무단횡단방지펜스
무단횡단방지펜스_성남-01-020_371,37.388074,127.111332,무단횡단방지펜스
무단횡단방지펜스_성남-01-020_372,37.388073,127.112216,무단횡단방지펜스
무단횡단방지펜스_성남-01-020_373,37.388211,127.112713,무단횡단방지펜스
무단횡단방지펜스_성남-01-020_374,37.388133,127.113167,무단횡단방지펜스
무단횡단방지펜스_성남-01-020_375,37.387737,127.113226,무단횡단방지펜스
무단횡단방지펜스_성남-01-020_376,37.386086,127.112581,무단횡단방지펜스
무단횡단방지펜스_성남-01-020_377,37.387287,127.112646,무단횡단방지펜스
무단횡단방지펜스_성남-01-020_378,37.387819,127.112517,무단횡단방지펜스
무단횡단방지펜스_성남-01-020_379,37.387826,127.111988,무단횡단방지펜스
무단횡단방지펜스_성남-01-020_380,37.387642,127.111402,무단횡단방지펜스
무단횡단방지펜스_성남-01-020_381,37.387367,127.111401,무단횡단방지펜스
무단횡단방지펜스_성남-01-020_382,37.386842,127.111398,무단횡단방지펜스
무단횡단방지펜스_성남-01-020_383,37.386443,127.111403,무단횡단방지펜스
무단횡단방지펜스_성남-01-021_384,37.391103,127.116957,무단횡단방지펜스
무단횡단방지펜스_성남-01-021_385,37.391166,127.116667,무단횡단방지펜스
무단횡단방지펜스_성남-01-021_386,37.390211,127.116953,무단횡단방지펜스
무단횡단방지펜스_성남-01-021_387,37.389756,127.116933,무단횡단방지펜스
무단횡단방지펜스_성남-01-021_388,37.389803,127.116798,무단횡단방지펜스
무단횡단방지펜스_성남-01-021_389,37.389141,127.116714,무단횡단방지펜스
무단횡단방지펜스_성남-01-021_390,37.388783,127.116287,무단횡단방지펜스
무단횡단방지펜스_성남-01-021_391,37.388606,127.116273,무단횡단방지펜스
무단횡단방지펜스_성남-01-021_392,37.387967,127.115143,무단횡단방지펜스
무단횡단방지펜스_성남-01-021_393,37.387882,127.114781,무단횡단방지펜스
무단횡단방지펜스_성남-01-021_394,37.388096,127.114655,무단횡단방지펜스
무단횡단방지펜스_성남-01-021_395,37.388183,127.115019,무단횡단방지펜스
무단횡단방지펜스_성남-01-021_396,37.388284,127.115299,무단횡단방지펜스
무단횡단방지펜스_성남-01-021_397,37.388678,127.115968,무단횡단방지펜스
무단횡단방지펜스_성남-01-021_398,37.389214,127.116429,무단횡단방지펜스
무단횡단방지펜스_성남-01-021_399,37.389682,127.116625,무단횡단방지펜스
무단횡단방지펜스_성남-01-021_400,37.390196,127.116665,무단횡단방지펜스
무단횡단방지펜스_성남-01-021_401,37.388072,127.114062,무단횡단방지펜스
무단횡단방지펜스_성남-01-021_402,37.388084,127.113221,무단횡단방지펜스
무단횡단방지펜스_성남-01-021_403,37.388066,127.113356,무단횡단방지펜스
무단횡단방지펜스_성남-01-021_404,37.387811,127.113279,무단횡단방지펜스
무단횡단방지펜스_성남-01-021_405,37.387915,127.113779,무단횡단방지펜스
무단횡단방지펜스_성남-01-021_406,37.387833,127.114013,무단횡단방지펜스
무단횡단방지펜스_성남-01-022_407,37.460253,127.169934,무단횡단방지펜스
무단횡단방지펜스_성남-01-022_408,37.460068,127.169821,무단횡단방지펜스
무단횡단방지펜스_성남-01-023_409,37.435593,127.139893,무단횡단방지펜스
무단횡단방지펜스_성남-01-023_410,37.435708,127.140114,무단횡단방지펜스
무단횡단방지펜스_성남-01-023_411,37.436145,127.141298,무단횡단방지펜스
무단횡단방지펜스_성남-01-023_412,37.436403,127.141776,무단횡단방지펜스
무단횡단방지펜스_성남-01-023_413,37.436544,127.141615,무단횡단방지펜스
무단횡단방지펜스_성남-01-023_414,37.436701,127.142303,무단횡단방지펜스
무단횡단방지펜스_성남-01-023_415,37.436849,127.142165,무단횡단방지펜스
무단횡단방지펜스_성남-01-023_416,37.436382,127.143039,무단횡단방지펜스
무단횡단방지펜스_성남-01-023_417,37.435724,127.142868,무단횡단방지펜스
무단횡단방지펜스_성남-01-024_418,37.441625,127.161275,무단횡단방지펜스
무단횡단방지펜스_성남-01-024_419,37.441923,127.161097,무단횡단방지펜스
무단횡단방지펜스_성남-01-024_420,37.441999,127.161049,무단횡단방지펜스
무단횡단방지펜스_성남-01-024_421,37.442157,127.160948,무단횡단방지펜스
무단횡단방지펜스_성남-01-024_422,37.442317,127.160858,무단횡단방지펜스
무단횡단방지펜스_성남-01-024_423,37.442552,127.160712,무단횡단방지펜스
무단횡단방지펜스_성남-01-024_424,37.442666,127.160463,무단횡단방지펜스
무단횡단방지펜스_성남-01-024_425,37.442581,127.160228,무단횡단방지펜스
무단횡단방지펜스_성남-01-024_426,37.442498,127.160027,무단횡단방지펜스
무단횡단방지펜스_성남-01-024_427,37.442011,127.160741,무단횡단방지펜스
무단횡단방지펜스_성남-01-024_428,37.441953,127.160578,무단횡단방지펜스
무단횡단방지펜스_성남-01-024_429,37.441902,127.160428,무단횡단방지펜스
무단횡단방지펜스_성남-01-024_430,37.441788,127.160121,무단횡단방지펜스
무단횡단방지펜스_성남-01-024_431,37.441521,127.159884,무단횡단방지펜스
무단횡단방지펜스_성남-01-024_432,37.440646,127.159847,무단횡단방지펜스
무단횡단방지펜스_성남-01-024_433,37.441517,127.159783,무단횡단방지펜스
무단횡단방지펜스_성남-01-024_434,37.441841,127.159885,무단횡단방지펜스
무단횡단방지펜스_성남-01-024_435,37.442073,127.159544,무단횡단방지펜스
무단횡단방지펜스_성남-01-024_436,37.442107,127.159753,무단횡단방지펜스
무단횡단방지펜스_성남-01-024_437,37.442231,127.159441,무단횡단방지펜스
무단횡단방지펜스_성남-01-024_438,37.442312,127.159618,무단횡단방지펜스
무단횡단방지펜스_성남-01-024_439,37.442615,127.159099,무단횡단방지펜스
무단횡단방지펜스_성남-01-025_440,37.436467,127.154649,무단횡단방지펜스
무단횡단방지펜스_성남-01-025_441,37.436471,127.154999,무단횡단방지펜스
무단횡단방지펜스_성남-01-025_442,37.436461,127.155457,무단횡단방지펜스
무단횡단방지펜스_성남-01-025_443,37.436452,127.155649,무단횡단방지펜스
무단횡단방지펜스_성남-01-025_444,37.436452,127.155802,무단횡단방지펜스
무단횡단방지펜스_성남-01-025_445,37.436447,127.156112,무단횡단방지펜스
무단횡단방지펜스_성남-01-025_446,37.436429,127.156174,무단횡단방지펜스
무단횡단방지펜스_성남-01-025_447,37.436437,127.156384,무단횡단방지펜스
무단횡단방지펜스_성남-01-025_448,37.436437,127.156429,무단횡단방지펜스
무단횡단방지펜스_성남-01-025_449,37.436478,127.156441,무단횡단방지펜스
무단횡단방지펜스_성남-01-025_450,37.436644,127.156446,무단횡단방지펜스
무단횡단방지펜스_성남-01-025_451,37.436999,127.156441,무단횡단방지펜스
무단횡단방지펜스_성남-01-025_452,37.437275,127.156453,무단횡단방지펜스
무단횡단방지펜스_성남-01-025_453,37.437296,127.156286,무단횡단방지펜스
무단횡단방지펜스_성남-01-025_454,37.437296,127.156099,무단횡단방지펜스
무단횡단방지펜스_성남-01-025_455,37.437298,127.155854,무단횡단방지펜스
무단횡단방지펜스_성남-01-025_456,37.437308,127.155397,무단횡단방지펜스
무단횡단방지펜스_성남-01-025_457,37.437308,127.155309,무단횡단방지펜스
무단횡단방지펜스_성남-01-025_458,37.437308,127.155236,무단횡단방지펜스
무단횡단방지펜스_성남-01-025_459,37.437313,127.155099,무단횡단방지펜스
무단횡단방지펜스_성남-01-025_460,37.437311,127.154984,무단횡단방지펜스
무단횡단방지펜스_성남-01-025_461,37.437313,127.154798,무단횡단방지펜스
무단횡단방지펜스_성남-01-025_462,37.437321,127.154561,무단횡단방지펜스
무단횡단방지펜스_성남-01-026_463,37.438811,127.164869,무단횡단방지펜스
무단횡단방지펜스_성남-01-026_464,37.438931,127.164699,무단횡단방지펜스
무단횡단방지펜스_성남-01-026_465,37.439141,127.164398,무단횡단방지펜스
무단횡단방지펜스_성남-01-026_466,37.439362,127.164079,무단횡단방지펜스
무단횡단방지펜스_성남-01-026_467,37.438631,127.162953,무단횡단방지펜스
무단횡단방지펜스_성남-01-026_468,37.438282,127.163444,무단횡단방지펜스
무단횡단방지펜스_성남-01-026_469,37.438002,127.163825,무단횡단방지펜스
무단횡단방지펜스_성남-01-027_470,37.431063,127.151131,무단횡단방지펜스
무단횡단방지펜스_성남-01-027_471,37.431231,127.151071,무단횡단방지펜스
무단횡단방지펜스_성남-01-027_472,37.431365,127.151021,무단횡단방지펜스
무단횡단방지펜스_성남-01-027_473,37.431813,127.150846,무단횡단방지펜스
무단횡단방지펜스_성남-01-027_474,37.431482,127.151215,무단횡단방지펜스
무단횡단방지펜스_성남-01-027_475,37.431229,127.151299,무단횡단방지펜스
무단횡단방지펜스_성남-01-027_476,37.431288,127.151277,무단횡단방지펜스
무단횡단방지펜스_성남-01-027_477,37.431175,127.151322,무단횡단방지펜스
무단횡단방지펜스_성남-01-027_478,37.430851,127.151446,무단횡단방지펜스
무단횡단방지펜스_성남-01-027_479,37.430599,127.151541,무단횡단방지펜스
무단횡단방지펜스_성남-01-027_480,37.430528,127.151569,무단횡단방지펜스
무단횡단방지펜스_성남-01-027_481,37.430438,127.151597,무단횡단방지펜스
무단횡단방지펜스_성남-01-028_482,37.436801,127.147021,무단횡단방지펜스
무단횡단방지펜스_성남-01-028_483,37.436776,127.147102,무단횡단방지펜스
무단횡단방지펜스_성남-01-028_484,37.436911,127.147407,무단횡단방지펜스
무단횡단방지펜스_성남-01-028_485,37.437284,127.148121,무단횡단방지펜스
무단횡단방지펜스_성남-01-028_486,37.437234,127.148137,무단횡단방지펜스
무단횡단방지펜스_성남-01-028_487,37.437513,127.148658,무단횡단방지펜스
무단횡단방지펜스_성남-01-028_488,37.437299,127.148758,무단횡단방지펜스
무단횡단방지펜스_성남-01-028_489,37.436843,127.149062,무단횡단방지펜스
무단횡단방지펜스_성남-01-028_490,37.437001,127.149063,무단횡단방지펜스
무단횡단방지펜스_성남-01-028_491,37.436893,127.149132,무단횡단방지펜스
무단횡단방지펜스_성남-01-028_492,37.436052,127.149628,무단횡단방지펜스
무단횡단방지펜스_성남-01-028_493,37.435973,127.149788,무단횡단방지펜스
무단횡단방지펜스_성남-01-028_494,37.436149,127.149666,무단횡단방지펜스
무단횡단방지펜스_성남-01-028_495,37.436527,127.149389,무단횡단방지펜스
무단횡단방지펜스_성남-01-028_496,37.436501,127.149302,무단횡단방지펜스
무단횡단방지펜스_성남-01-028_497,37.437331,127.148837,무단횡단방지펜스
무단횡단방지펜스_성남-01-028_498,37.437569,127.148897,무단횡단방지펜스
무단횡단방지펜스_성남-01-028_499,37.437621,127.149267,무단횡단방지펜스
무단횡단방지펜스_성남-01-028_500,37.437802,127.149739,무단횡단방지펜스
무단횡단방지펜스_성남-01-028_501,37.437927,127.150217,무단횡단방지펜스
무단횡단방지펜스_성남-01-028_502,37.438093,127.150491,무단횡단방지펜스
무단횡단방지펜스_성남-01-028_503,37.438366,127.150876,무단횡단방지펜스
무단횡단방지펜스_성남-01-028_504,37.438473,127.151037,무단횡단방지펜스
무단횡단방지펜스_성남-01-028_505,37.438667,127.151193,무단횡단방지펜스
무단횡단방지펜스_성남-01-028_506,37.438685,127.151312,무단횡단방지펜스
무단횡단방지펜스_성남-01-028_507,37.439411,127.150688,무단횡단방지펜스
무단횡단방지펜스_성남-01-046_821,37.383007,127.126494,무단횡단방지펜스
무단횡단방지펜스_성남-01-028_508,37.439544,127.150591,무단횡단방지펜스
무단횡단방지펜스_성남-01-028_509,37.439387,127.150531,무단횡단방지펜스
무단횡단방지펜스_성남-01-028_510,37.439591,127.150367,무단횡단방지펜스
무단횡단방지펜스_성남-01-028_511,37.439905,127.150341,무단횡단방지펜스
무단횡단방지펜스_성남-01-028_512,37.440151,127.149899,무단횡단방지펜스
무단횡단방지펜스_성남-01-028_513,37.440241,127.150095,무단횡단방지펜스
무단횡단방지펜스_성남-01-028_514,37.440918,127.151131,무단횡단방지펜스
무단횡단방지펜스_성남-01-028_515,37.441535,127.152508,무단횡단방지펜스
무단횡단방지펜스_성남-01-028_516,37.441769,127.152589,무단횡단방지펜스
무단횡단방지펜스_성남-01-028_517,37.439786,127.148365,무단횡단방지펜스
무단횡단방지펜스_성남-01-028_518,37.439568,127.148096,무단횡단방지펜스
무단횡단방지펜스_성남-01-028_519,37.439788,127.148579,무단횡단방지펜스
무단횡단방지펜스_성남-01-028_520,37.440012,127.149094,무단횡단방지펜스
무단횡단방지펜스_성남-01-028_521,37.439404,127.147728,무단횡단방지펜스
무단횡단방지펜스_성남-01-028_522,37.439204,127.147284,무단횡단방지펜스
무단횡단방지펜스_성남-01-028_523,37.437683,127.145852,무단횡단방지펜스
무단횡단방지펜스_성남-01-028_524,37.436801,127.146458,무단횡단방지펜스
무단횡단방지펜스_성남-01-028_525,37.438251,127.145336,무단횡단방지펜스
무단횡단방지펜스_성남-01-028_526,37.438694,127.146125,무단횡단방지펜스
무단횡단방지펜스_성남-01-029_527,37.452223,127.149661,무단횡단방지펜스
무단횡단방지펜스_성남-01-029_528,37.452047,127.149482,무단횡단방지펜스
무단횡단방지펜스_성남-01-029_529,37.452042,127.149821,무단횡단방지펜스
무단횡단방지펜스_성남-01-029_530,37.451986,127.149592,무단횡단방지펜스
무단횡단방지펜스_성남-01-029_531,37.451828,127.149813,무단횡단방지펜스
무단횡단방지펜스_성남-01-029_532,37.451979,127.150143,무단횡단방지펜스
무단횡단방지펜스_성남-01-029_533,37.452406,127.150475,무단횡단방지펜스
무단횡단방지펜스_성남-01-029_534,37.452487,127.150701,무단횡단방지펜스
무단횡단방지펜스_성남-01-029_535,37.452377,127.150862,무단횡단방지펜스
무단횡단방지펜스_성남-01-029_536,37.451373,127.151859,무단횡단방지펜스
무단횡단방지펜스_성남-01-029_537,37.451009,127.151474,무단횡단방지펜스
무단횡단방지펜스_성남-01-029_538,37.451341,127.150808,무단횡단방지펜스
무단횡단방지펜스_성남-01-029_539,37.451762,127.150212,무단횡단방지펜스
무단횡단방지펜스_성남-01-029_540,37.451179,127.151655,무단횡단방지펜스
무단횡단방지펜스_성남-01-030_541,37.438516,127.132907,무단횡단방지펜스
무단횡단방지펜스_성남-01-030_542,37.437515,127.133273,무단횡단방지펜스
무단횡단방지펜스_성남-01-030_543,37.437457,127.133301,무단횡단방지펜스
무단횡단방지펜스_성남-01-030_544,37.437333,127.133357,무단횡단방지펜스
무단횡단방지펜스_성남-01-030_545,37.437058,127.133481,무단횡단방지펜스
무단횡단방지펜스_성남-01-030_546,37.436891,127.133777,무단횡단방지펜스
무단횡단방지펜스_성남-01-030_547,37.436686,127.133876,무단횡단방지펜스
무단횡단방지펜스_성남-01-030_548,37.436233,127.134087,무단횡단방지펜스
무단횡단방지펜스_성남-01-030_549,37.436055,127.134161,무단횡단방지펜스
무단횡단방지펜스_성남-01-030_550,37.435712,127.134321,무단횡단방지펜스
무단횡단방지펜스_성남-01-030_551,37.435672,127.134125,무단횡단방지펜스
무단횡단방지펜스_성남-01-030_552,37.435836,127.134046,무단횡단방지펜스
무단횡단방지펜스_성남-01-030_553,37.436282,127.133844,무단횡단방지펜스
무단횡단방지펜스_성남-01-030_554,37.436441,127.133649,무단횡단방지펜스
무단횡단방지펜스_성남-01-030_555,37.436185,127.132796,무단횡단방지펜스
무단횡단방지펜스_성남-01-030_556,37.436151,127.132674,무단횡단방지펜스
무단횡단방지펜스_성남-01-030_557,37.436009,127.132208,무단횡단방지펜스
무단횡단방지펜스_성남-01-030_558,37.435933,127.131948,무단횡단방지펜스
무단횡단방지펜스_성남-01-030_559,37.437027,127.131065,무단횡단방지펜스
무단횡단방지펜스_성남-01-030_560,37.437081,127.131255,무단횡단방지펜스
무단횡단방지펜스_성남-01-030_561,37.437107,127.131348,무단횡단방지펜스
무단횡단방지펜스_성남-01-030_562,37.437184,127.131594,무단횡단방지펜스
무단횡단방지펜스_성남-01-030_563,37.437244,127.131795,무단횡단방지펜스
무단횡단방지펜스_성남-01-030_564,37.437296,127.131973,무단횡단방지펜스
무단횡단방지펜스_성남-01-030_565,37.437357,127.132176,무단횡단방지펜스
무단횡단방지펜스_성남-01-030_566,37.437392,127.132301,무단횡단방지펜스
무단횡단방지펜스_성남-01-030_567,37.437282,127.132427,무단횡단방지펜스
무단횡단방지펜스_성남-01-030_568,37.437005,127.132551,무단횡단방지펜스
무단횡단방지펜스_성남-01-030_569,37.436707,127.132686,무단횡단방지펜스
무단횡단방지펜스_성남-01-030_570,37.436538,127.132765,무단횡단방지펜스
무단횡단방지펜스_성남-01-030_571,37.436326,127.132864,무단횡단방지펜스
무단횡단방지펜스_성남-01-031_572,37.444058,127.134022,무단횡단방지펜스
무단횡단방지펜스_성남-01-031_573,37.444011,127.133849,무단횡단방지펜스
무단횡단방지펜스_성남-01-031_574,37.443802,127.133141,무단횡단방지펜스
무단횡단방지펜스_성남-01-031_575,37.443724,127.132854,무단횡단방지펜스
무단횡단방지펜스_성남-01-031_576,37.444853,127.133791,무단횡단방지펜스
무단횡단방지펜스_성남-01-031_577,37.444592,127.133921,무단횡단방지펜스
무단횡단방지펜스_성남-01-031_578,37.444358,127.134033,무단횡단방지펜스
무단횡단방지펜스_성남-01-031_579,37.444426,127.134994,무단횡단방지펜스
무단횡단방지펜스_성남-01-031_580,37.444491,127.135161,무단횡단방지펜스
무단횡단방지펜스_성남-01-031_581,37.444401,127.135206,무단횡단방지펜스
무단횡단방지펜스_성남-01-031_582,37.445748,127.133281,무단횡단방지펜스
무단횡단방지펜스_성남-01-031_583,37.445974,127.134031,무단횡단방지펜스
무단횡단방지펜스_성남-01-031_584,37.446091,127.133949,무단횡단방지펜스
무단횡단방지펜스_성남-01-032_585,37.444981,127.148061,무단횡단방지펜스
무단횡단방지펜스_성남-01-032_586,37.445071,127.148107,무단횡단방지펜스
무단횡단방지펜스_성남-01-032_587,37.445205,127.148616,무단횡단방지펜스
무단횡단방지펜스_성남-01-032_588,37.445327,127.148508,무단횡단방지펜스
무단횡단방지펜스_성남-01-032_589,37.445477,127.148974,무단횡단방지펜스
무단횡단방지펜스_성남-01-032_590,37.445595,127.148881,무단횡단방지펜스
무단횡단방지펜스_성남-01-032_591,37.445709,127.149216,무단횡단방지펜스
무단횡단방지펜스_성남-01-032_592,37.445916,127.149174,무단횡단방지펜스
무단횡단방지펜스_성남-01-032_593,37.446349,127.149321,무단횡단방지펜스
무단횡단방지펜스_성남-01-032_594,37.446274,127.149502,무단횡단방지펜스
무단횡단방지펜스_성남-01-032_595,37.446689,127.149297,무단횡단방지펜스
무단횡단방지펜스_성남-01-032_596,37.446815,127.149455,무단횡단방지펜스
무단횡단방지펜스_성남-01-032_597,37.446932,127.149263,무단횡단방지펜스
무단횡단방지펜스_성남-01-032_598,37.445128,127.150836,무단횡단방지펜스
무단횡단방지펜스_성남-01-032_599,37.444997,127.150751,무단횡단방지펜스
무단횡단방지펜스_성남-01-032_600,37.444923,127.150782,무단횡단방지펜스
무단횡단방지펜스_성남-01-032_601,37.444898,127.150741,무단횡단방지펜스
무단횡단방지펜스_성남-01-032_602,37.444682,127.150476,무단횡단방지펜스
무단횡단방지펜스_성남-01-032_603,37.444473,127.150216,무단횡단방지펜스
무단횡단방지펜스_성남-01-032_604,37.444253,127.149936,무단횡단방지펜스
무단횡단방지펜스_성남-01-032_605,37.444183,127.149854,무단횡단방지펜스
무단횡단방지펜스_성남-01-032_606,37.444141,127.149803,무단횡단방지펜스
무단횡단방지펜스_성남-01-032_607,37.444122,127.149772,무단횡단방지펜스
무단횡단방지펜스_성남-01-032_608,37.445265,127.147172,무단횡단방지펜스
무단횡단방지펜스_성남-01-032_609,37.444828,127.147711,무단횡단방지펜스
무단횡단방지펜스_성남-01-032_610,37.445048,127.147909,무단횡단방지펜스
무단횡단방지펜스_성남-01-032_611,37.444977,127.147426,무단횡단방지펜스
무단횡단방지펜스_성남-01-032_612,37.444749,127.147863,무단횡단방지펜스
무단횡단방지펜스_성남-01-033_613,37.448079,127.127994,무단횡단방지펜스
무단횡단방지펜스_성남-01-033_614,37.448081,127.128053,무단횡단방지펜스
무단횡단방지펜스_성남-01-033_615,37.448091,127.128192,무단횡단방지펜스
무단횡단방지펜스_성남-01-033_616,37.448107,127.128994,무단횡단방지펜스
무단횡단방지펜스_성남-01-033_617,37.448195,127.128751,무단횡단방지펜스
무단횡단방지펜스_성남-01-033_618,37.448327,127.129285,무단횡단방지펜스
무단횡단방지펜스_성남-01-033_619,37.448653,127.130374,무단횡단방지펜스
무단횡단방지펜스_성남-01-033_620,37.448596,127.130645,무단횡단방지펜스
무단횡단방지펜스_성남-01-033_621,37.448331,127.129777,무단횡단방지펜스
무단횡단방지펜스_성남-01-033_622,37.448266,127.129534,무단횡단방지펜스
무단횡단방지펜스_성남-01-033_623,37.447095,127.129049,무단횡단방지펜스
무단횡단방지펜스_성남-01-033_624,37.446866,127.128933,무단횡단방지펜스
무단횡단방지펜스_성남-01-033_625,37.447812,127.128717,무단횡단방지펜스
무단횡단방지펜스_성남-01-034_626,37.450199,127.144769,무단횡단방지펜스
무단횡단방지펜스_성남-01-034_627,37.450042,127.144701,무단횡단방지펜스
무단횡단방지펜스_성남-01-034_628,37.449931,127.144199,무단횡단방지펜스
무단횡단방지펜스_성남-01-034_629,37.449681,127.143691,무단횡단방지펜스
무단횡단방지펜스_성남-01-034_630,37.449512,127.143358,무단횡단방지펜스
무단횡단방지펜스_성남-01-034_631,37.449237,127.143114,무단횡단방지펜스
무단횡단방지펜스_성남-01-035_632,37.452178,127.159485,무단횡단방지펜스
무단횡단방지펜스_성남-01-035_633,37.452217,127.159341,무단횡단방지펜스
무단횡단방지펜스_성남-01-035_634,37.452276,127.159119,무단횡단방지펜스
무단횡단방지펜스_성남-01-035_635,37.452486,127.158355,무단횡단방지펜스
무단횡단방지펜스_성남-01-035_636,37.452597,127.158101,무단횡단방지펜스
무단횡단방지펜스_성남-01-035_637,37.452849,127.158229,무단횡단방지펜스
무단횡단방지펜스_성남-01-035_638,37.453229,127.158408,무단횡단방지펜스
무단횡단방지펜스_성남-01-035_639,37.453459,127.158501,무단횡단방지펜스
무단횡단방지펜스_성남-01-035_640,37.453682,127.158587,무단횡단방지펜스
무단횡단방지펜스_성남-01-035_641,37.452611,127.157943,무단횡단방지펜스
무단횡단방지펜스_성남-01-035_642,37.452715,127.157576,무단횡단방지펜스
무단횡단방지펜스_성남-01-035_643,37.452882,127.156988,무단횡단방지펜스
무단횡단방지펜스_성남-01-035_644,37.453361,127.156314,무단횡단방지펜스
무단횡단방지펜스_성남-01-035_645,37.452336,127.157976,무단횡단방지펜스
무단횡단방지펜스_성남-01-035_646,37.452084,127.157868,무단횡단방지펜스
무단횡단방지펜스_성남-01-035_647,37.451714,127.157715,무단횡단방지펜스
무단횡단방지펜스_성남-01-035_648,37.451539,127.157644,무단횡단방지펜스
무단횡단방지펜스_성남-01-035_649,37.451939,127.157896,무단횡단방지펜스
무단횡단방지펜스_성남-01-035_650,37.452315,127.158061,무단횡단방지펜스
무단횡단방지펜스_성남-01-035_651,37.452346,127.158654,무단횡단방지펜스
무단횡단방지펜스_성남-01-035_652,37.452138,127.159394,무단횡단방지펜스
무단횡단방지펜스_성남-01-035_653,37.452979,127.156719,무단횡단방지펜스
무단횡단방지펜스_성남-01-036_654,37.461875,127.129905,무단횡단방지펜스
무단횡단방지펜스_성남-01-036_655,37.461892,127.129583,무단횡단방지펜스
무단횡단방지펜스_성남-01-036_656,37.461854,127.130258,무단횡단방지펜스
무단횡단방지펜스_성남-01-036_657,37.461731,127.130399,무단횡단방지펜스
무단횡단방지펜스_성남-01-036_658,37.461928,127.128991,무단횡단방지펜스
무단횡단방지펜스_성남-01-036_659,37.461947,127.128701,무단횡단방지펜스
무단횡단방지펜스_성남-01-036_660,37.462109,127.128594,무단횡단방지펜스
무단횡단방지펜스_성남-01-036_661,37.462472,127.128634,무단횡단방지펜스
무단횡단방지펜스_성남-01-036_662,37.462654,127.128657,무단횡단방지펜스
무단횡단방지펜스_성남-01-036_663,37.462877,127.128655,무단횡단방지펜스
무단횡단방지펜스_성남-01-036_664,37.462003,127.127852,무단횡단방지펜스
무단횡단방지펜스_성남-01-036_665,37.461885,127.127814,무단횡단방지펜스
무단횡단방지펜스_성남-01-036_666,37.461995,127.128068,무단횡단방지펜스
무단횡단방지펜스_성남-01-036_667,37.461981,127.128317,무단횡단방지펜스
무단횡단방지펜스_성남-01-036_668,37.462874,127.129532,무단횡단방지펜스
무단횡단방지펜스_성남-01-036_669,37.463318,127.129592,무단횡단방지펜스
무단횡단방지펜스_성남-01-036_670,37.462685,127.129045,무단횡단방지펜스
무단횡단방지펜스_성남-01-036_671,37.463057,127.128681,무단횡단방지펜스
무단횡단방지펜스_성남-01-037_672,37.459651,127.161959,무단횡단방지펜스
무단횡단방지펜스_성남-01-037_673,37.459912,127.162188,무단횡단방지펜스
무단횡단방지펜스_성남-01-037_674,37.460155,127.162401,무단횡단방지펜스
무단횡단방지펜스_성남-01-037_675,37.459122,127.161517,무단횡단방지펜스
무단횡단방지펜스_성남-01-037_676,37.458781,127.161222,무단횡단방지펜스
무단횡단방지펜스_성남-01-038_677,37.471034,127.143831,무단횡단방지펜스
무단횡단방지펜스_성남-01-038_678,37.470769,127.143774,무단횡단방지펜스
무단횡단방지펜스_성남-01-038_679,37.470952,127.144908,무단횡단방지펜스
무단횡단방지펜스_성남-01-038_680,37.470668,127.145071,무단횡단방지펜스
무단횡단방지펜스_성남-01-038_681,37.470733,127.145292,무단횡단방지펜스
무단횡단방지펜스_성남-01-038_682,37.470419,127.145839,무단횡단방지펜스
무단횡단방지펜스_성남-01-038_683,37.470669,127.145944,무단횡단방지펜스
무단횡단방지펜스_성남-01-038_684,37.470332,127.146057,무단횡단방지펜스
무단횡단방지펜스_성남-01-038_685,37.470018,127.146372,무단횡단방지펜스
무단횡단방지펜스_성남-01-038_686,37.470625,127.146973,무단횡단방지펜스
무단횡단방지펜스_성남-01-038_687,37.470881,127.145252,무단횡단방지펜스
무단횡단방지펜스_성남-01-038_688,37.471109,127.146881,무단횡단방지펜스
무단횡단방지펜스_성남-01-039_689,37.464641,127.142273,무단횡단방지펜스
무단횡단방지펜스_성남-01-039_690,37.464776,127.142776,무단횡단방지펜스
무단횡단방지펜스_성남-01-039_691,37.464114,127.144151,무단횡단방지펜스
무단횡단방지펜스_성남-01-039_692,37.464068,127.145188,무단횡단방지펜스
무단횡단방지펜스_성남-01-039_693,37.464231,127.146376,무단횡단방지펜스
무단횡단방지펜스_성남-01-039_694,37.464435,127.146873,무단횡단방지펜스
무단횡단방지펜스_성남-01-039_695,37.464831,127.147294,무단횡단방지펜스
무단횡단방지펜스_성남-01-039_696,37.465131,127.147544,무단횡단방지펜스
무단횡단방지펜스_성남-01-039_697,37.465483,127.147853,무단횡단방지펜스
무단횡단방지펜스_성남-01-039_698,37.465668,127.148013,무단횡단방지펜스
무단횡단방지펜스_성남-01-039_699,37.466261,127.148486,무단횡단방지펜스
무단횡단방지펜스_성남-01-039_700,37.465247,127.147516,무단횡단방지펜스
무단횡단방지펜스_성남-01-039_701,37.464137,127.144889,무단횡단방지펜스
무단횡단방지펜스_성남-01-039_702,37.464391,127.141428,무단횡단방지펜스
무단횡단방지펜스_성남-01-039_703,37.465009,127.141957,무단횡단방지펜스
무단횡단방지펜스_성남-01-039_704,37.465164,127.141929,무단횡단방지펜스
무단횡단방지펜스_성남-01-039_705,37.465527,127.141902,무단횡단방지펜스
무단횡단방지펜스_성남-01-039_706,37.465441,127.141715,무단횡단방지펜스
무단횡단방지펜스_성남-01-039_707,37.465524,127.142391,무단횡단방지펜스
무단횡단방지펜스_성남-01-039_708,37.466734,127.143433,무단횡단방지펜스
무단횡단방지펜스_성남-01-039_709,37.466816,127.144035,무단횡단방지펜스
무단횡단방지펜스_성남-01-039_710,37.466422,127.143716,무단횡단방지펜스
무단횡단방지펜스_성남-01-039_711,37.464888,127.143048,무단횡단방지펜스
무단횡단방지펜스_성남-01-039_712,37.464495,127.143799,무단횡단방지펜스
무단횡단방지펜스_성남-01-039_713,37.464262,127.144389,무단횡단방지펜스
무단횡단방지펜스_성남-01-039_714,37.464467,127.146438,무단횡단방지펜스
무단횡단방지펜스_성남-01-039_715,37.464863,127.147024,무단횡단방지펜스
무단횡단방지펜스_성남-01-039_716,37.465139,127.147262,무단횡단방지펜스
무단횡단방지펜스_성남-01-039_717,37.465513,127.147582,무단횡단방지펜스
무단횡단방지펜스_성남-01-039_718,37.466064,127.148041,무단횡단방지펜스
무단횡단방지펜스_성남-01-040_719,37.470517,127.153866,무단횡단방지펜스
무단횡단방지펜스_성남-01-040_720,37.470601,127.153538,무단횡단방지펜스
무단횡단방지펜스_성남-01-040_721,37.469885,127.152829,무단횡단방지펜스
무단횡단방지펜스_성남-01-040_722,37.470043,127.152501,무단횡단방지펜스
무단횡단방지펜스_성남-01-040_723,37.469711,127.152115,무단횡단방지펜스
무단횡단방지펜스_성남-01-040_724,37.469952,127.151522,무단횡단방지펜스
무단횡단방지펜스_성남-01-040_725,37.469698,127.151058,무단횡단방지펜스
무단횡단방지펜스_성남-01-040_726,37.469975,127.150971,무단횡단방지펜스
무단횡단방지펜스_성남-01-040_727,37.470015,127.150601,무단횡단방지펜스
무단횡단방지펜스_성남-01-040_728,37.470271,127.150385,무단횡단방지펜스
무단횡단방지펜스_성남-01-040_729,37.470539,127.150169,무단횡단방지펜스
무단횡단방지펜스_성남-01-040_730,37.470985,127.150427,무단횡단방지펜스
무단횡단방지펜스_성남-01-040_731,37.471129,127.150433,무단횡단방지펜스
무단횡단방지펜스_성남-01-040_732,37.471471,127.150228,무단횡단방지펜스
무단횡단방지펜스_성남-01-040_733,37.471328,127.150445,무단횡단방지펜스
무단횡단방지펜스_성남-01-040_734,37.469438,127.150099,무단횡단방지펜스
무단횡단방지펜스_성남-01-040_735,37.469456,127.150333,무단횡단방지펜스
무단횡단방지펜스_성남-01-041_736,37.470561,127.136975,무단횡단방지펜스
무단횡단방지펜스_성남-01-041_737,37.470701,127.137207,무단횡단방지펜스
무단횡단방지펜스_성남-01-041_738,37.470701,127.136721,무단횡단방지펜스
무단횡단방지펜스_성남-01-041_739,37.471003,127.137687,무단횡단방지펜스
무단횡단방지펜스_성남-01-041_740,37.471159,127.137565,무단횡단방지펜스
무단횡단방지펜스_성남-01-041_741,37.471289,127.137462,무단횡단방지펜스
무단횡단방지펜스_성남-01-041_742,37.471276,127.137733,무단횡단방지펜스
무단횡단방지펜스_성남-01-041_743,37.471092,127.138527,무단횡단방지펜스
무단횡단방지펜스_성남-01-041_744,37.471216,127.138759,무단횡단방지펜스
무단횡단방지펜스_성남-01-041_745,37.471221,127.138422,무단횡단방지펜스
무단횡단방지펜스_성남-01-041_746,37.470943,127.139312,무단횡단방지펜스
무단횡단방지펜스_성남-01-041_747,37.471181,127.139681,무단횡단방지펜스
무단횡단방지펜스_성남-01-041_748,37.471797,127.136809,무단횡단방지펜스
무단횡단방지펜스_성남-01-041_749,37.471977,127.137071,무단횡단방지펜스
무단횡단방지펜스_성남-01-041_750,37.471769,127.137287,무단횡단방지펜스
무단횡단방지펜스_성남-01-041_751,37.471318,127.136419,무단횡단방지펜스
무단횡단방지펜스_성남-01-041_752,37.471243,127.135071,무단횡단방지펜스
무단횡단방지펜스_성남-01-041_753,37.471355,127.135308,무단횡단방지펜스
무단횡단방지펜스_성남-01-042_754,37.441736,127.164221,무단횡단방지펜스
무단횡단방지펜스_성남-01-042_755,37.442492,127.168007,무단횡단방지펜스
무단횡단방지펜스_성남-01-042_756,37.442813,127.167098,무단횡단방지펜스
무단횡단방지펜스_성남-01-042_757,37.442768,127.167242,무단횡단방지펜스
무단횡단방지펜스_성남-01-042_758,37.442765,127.165776,무단횡단방지펜스
무단횡단방지펜스_성남-01-042_759,37.443306,127.165447,무단횡단방지펜스
무단횡단방지펜스_성남-01-042_760,37.442761,127.166465,무단횡단방지펜스
무단횡단방지펜스_성남-01-042_761,37.442912,127.167358,무단횡단방지펜스
무단횡단방지펜스_성남-01-043_762,37.454638,127.162852,무단횡단방지펜스
무단횡단방지펜스_성남-01-043_763,37.454588,127.163366,무단횡단방지펜스
무단횡단방지펜스_성남-01-043_764,37.454577,127.162887,무단횡단방지펜스
무단횡단방지펜스_성남-01-043_765,37.454496,127.163197,무단횡단방지펜스
무단횡단방지펜스_성남-01-043_766,37.454513,127.163428,무단횡단방지펜스
무단횡단방지펜스_성남-01-043_767,37.454536,127.163642,무단횡단방지펜스
무단횡단방지펜스_성남-01-043_768,37.454063,127.161281,무단횡단방지펜스
무단횡단방지펜스_성남-01-043_769,37.453892,127.161263,무단횡단방지펜스
무단횡단방지펜스_성남-01-043_770,37.454025,127.161334,무단횡단방지펜스
무단횡단방지펜스_성남-01-043_771,37.453729,127.161912,무단횡단방지펜스
무단횡단방지펜스_성남-01-043_772,37.453475,127.162056,무단횡단방지펜스
무단횡단방지펜스_성남-01-043_773,37.453605,127.162135,무단횡단방지펜스
무단횡단방지펜스_성남-01-043_774,37.453372,127.162536,무단횡단방지펜스
무단횡단방지펜스_성남-01-043_775,37.453181,127.162592,무단횡단방지펜스
무단횡단방지펜스_성남-01-043_776,37.454823,127.164172,무단횡단방지펜스
무단횡단방지펜스_성남-01-043_777,37.454439,127.163791,무단횡단방지펜스
무단횡단방지펜스_성남-01-043_778,37.454732,127.163974,무단횡단방지펜스
무단횡단방지펜스_성남-01-043_779,37.455022,127.162116,무단횡단방지펜스
무단횡단방지펜스_성남-01-043_780,37.454677,127.163728,무단횡단방지펜스
무단횡단방지펜스_성남-01-044_781,37.363476,127.121915,무단횡단방지펜스
무단횡단방지펜스_성남-01-044_782,37.363642,127.121501,무단횡단방지펜스
무단횡단방지펜스_성남-01-044_783,37.363642,127.121343,무단횡단방지펜스
무단횡단방지펜스_성남-01-044_784,37.363642,127.120781,무단횡단방지펜스
무단횡단방지펜스_성남-01-044_785,37.363348,127.120826,무단횡단방지펜스
무단횡단방지펜스_성남-01-044_786,37.363027,127.118841,무단횡단방지펜스
무단횡단방지펜스_성남-01-044_787,37.363126,127.119267,무단횡단방지펜스
무단횡단방지펜스_성남-01-044_788,37.362037,127.118857,무단횡단방지펜스
무단횡단방지펜스_성남-01-044_789,37.362116,127.119274,무단횡단방지펜스
무단횡단방지펜스_성남-01-044_790,37.361122,127.118871,무단횡단방지펜스
무단횡단방지펜스_성남-01-044_791,37.360612,127.119289,무단횡단방지펜스
무단횡단방지펜스_성남-01-044_792,37.359707,127.118881,무단횡단방지펜스
무단횡단방지펜스_성남-01-044_793,37.359824,127.119299,무단횡단방지펜스
무단횡단방지펜스_성남-01-045_794,37.407516,127.144248,무단횡단방지펜스
무단횡단방지펜스_성남-01-045_795,37.407433,127.144725,무단횡단방지펜스
무단횡단방지펜스_성남-01-045_796,37.405682,127.144939,무단횡단방지펜스
무단횡단방지펜스_성남-01-045_797,37.405471,127.144839,무단횡단방지펜스
무단횡단방지펜스_성남-01-045_798,37.406694,127.146618,무단횡단방지펜스
무단횡단방지펜스_성남-01-045_799,37.406533,127.147273,무단횡단방지펜스
무단횡단방지펜스_성남-01-045_800,37.406489,127.147804,무단횡단방지펜스
무단횡단방지펜스_성남-01-045_801,37.406795,127.146965,무단횡단방지펜스
무단횡단방지펜스_성남-01-045_802,37.406891,127.146008,무단횡단방지펜스
무단횡단방지펜스_성남-01-045_803,37.406909,127.145562,무단횡단방지펜스
무단횡단방지펜스_성남-01-045_804,37.406702,127.145438,무단횡단방지펜스
무단횡단방지펜스_성남-01-045_805,37.406448,127.145287,무단횡단방지펜스
무단횡단방지펜스_성남-01-045_806,37.406333,127.145225,무단횡단방지펜스
무단횡단방지펜스_성남-01-045_807,37.405995,127.145021,무단횡단방지펜스
무단횡단방지펜스_성남-01-045_808,37.406013,127.144843,무단횡단방지펜스
무단횡단방지펜스_성남-01-045_809,37.406626,127.145206,무단횡단방지펜스
무단횡단방지펜스_성남-01-045_810,37.406959,127.145401,무단횡단방지펜스
무단횡단방지펜스_성남-01-045_811,37.407105,127.145391,무단횡단방지펜스
무단횡단방지펜스_성남-01-045_812,37.407267,127.145487,무단횡단방지펜스
무단횡단방지펜스_성남-01-045_813,37.407143,127.145837,무단횡단방지펜스
무단횡단방지펜스_성남-01-046_814,37.381228,127.129283,무단횡단방지펜스
무단횡단방지펜스_성남-01-046_815,37.381399,127.129081,무단횡단방지펜스
무단횡단방지펜스_성남-01-046_816,37.381526,127.128922,무단횡단방지펜스
무단횡단방지펜스_성남-01-046_817,37.381815,127.128618,무단횡단방지펜스
무단횡단방지펜스_성남-01-046_818,37.382158,127.128065,무단횡단방지펜스
무단횡단방지펜스_성남-01-046_819,37.382555,127.127264,무단횡단방지펜스
무단횡단방지펜스_성남-01-046_820,37.382736,127.126827,무단횡단방지펜스
무단횡단방지펜스_성남-01-046_822,37.383449,127.126012,무단횡단방지펜스
무단횡단방지펜스_성남-01-047_823,37.365693,127.109832,무단횡단방지펜스
무단횡단방지펜스_성남-01-047_824,37.365638,127.109967,무단횡단방지펜스
무단횡단방지펜스_성남-01-047_825,37.365939,127.109964,무단횡단방지펜스
무단횡단방지펜스_성남-01-047_826,37.366489,127.109962,무단횡단방지펜스
무단횡단방지펜스_성남-01-047_827,37.366759,127.109848,무단횡단방지펜스
무단횡단방지펜스_성남-01-047_828,37.367019,127.109955,무단횡단방지펜스
무단횡단방지펜스_성남-01-048_829,37.371259,127.144462,무단횡단방지펜스
무단횡단방지펜스_성남-01-048_830,37.371575,127.144115,무단횡단방지펜스
무단횡단방지펜스_성남-01-048_831,37.371706,127.143969,무단횡단방지펜스
무단횡단방지펜스_성남-01-048_832,37.372031,127.143585,무단횡단방지펜스
무단횡단방지펜스_성남-01-048_833,37.372705,127.142503,무단횡단방지펜스
무단횡단방지펜스_성남-01-048_834,37.372013,127.143382,무단횡단방지펜스
무단횡단방지펜스_성남-01-048_835,37.371601,127.143861,무단횡단방지펜스
무단횡단방지펜스_성남-01-048_836,37.371319,127.144168,무단횡단방지펜스
무단횡단방지펜스_성남-01-049_837,37.394302,127.125285,무단횡단방지펜스
무단횡단방지펜스_성남-01-049_838,37.393847,127.125234,무단횡단방지펜스
무단횡단방지펜스_성남-01-049_839,37.393453,127.125143,무단횡단방지펜스
무단횡단방지펜스_성남-01-049_840,37.392827,127.124766,무단횡단방지펜스
무단횡단방지펜스_성남-01-049_841,37.392357,127.124339,무단횡단방지펜스
무단횡단방지펜스_성남-01-049_842,37.392265,127.124254,무단횡단방지펜스
무단횡단방지펜스_성남-01-049_843,37.391819,127.123853,무단횡단방지펜스
무단횡단방지펜스_성남-01-049_844,37.390759,127.123176,무단횡단방지펜스
무단횡단방지펜스_성남-01-049_845,37.391047,127.123436,무단횡단방지펜스
무단횡단방지펜스_성남-01-049_846,37.391283,127.123646,무단횡단방지펜스
무단횡단방지펜스_성남-01-049_847,37.391817,127.124127,무단횡단방지펜스
무단횡단방지펜스_성남-01-049_848,37.392519,127.124764,무단횡단방지펜스
무단횡단방지펜스_성남-01-049_849,37.392748,127.124972,무단횡단방지펜스
무단횡단방지펜스_성남-01-049_850,37.393541,127.125403,무단횡단방지펜스
무단횡단방지펜스_성남-01-049_851,37.394241,127.125505,무단횡단방지펜스
무단횡단방지펜스_성남-01-049_852,37.392111,127.124906,무단횡단방지펜스
무단횡단방지펜스_성남-01-049_853,37.391491,127.125549,무단횡단방지펜스
무단횡단방지펜스_성남-01-049_854,37.391425,127.125626,무단횡단방지펜스
무단횡단방지펜스_성남-01-049_855,37.390929,127.126166,무단횡단방지펜스
무단횡단방지펜스_성남-01-049_856,37.390663,127.126516,무단횡단방지펜스
무단횡단방지펜스_성남-01-049_857,37.391103,127.125678,무단횡단방지펜스
무단횡단방지펜스_성남-01-049_858,37.391658,127.125075,무단횡단방지펜스
무단횡단방지펜스_성남-01-049_859,37.391989,127.124705,무단횡단방지펜스
무단횡단방지펜스_성남-01-050_860,37.416761,127.128335,무단횡단방지펜스
무단횡단방지펜스_성남-01-050_861,37.416748,127.127854,무단횡단방지펜스
무단횡단방지펜스_성남-01-050_862,37.416731,127.127185,무단횡단방지펜스
무단횡단방지펜스_성남-01-050_863,37.416722,127.126846,무단횡단방지펜스
무단횡단방지펜스_성남-01-050_864,37.416716,127.126551,무단횡단방지펜스
무단횡단방지펜스_성남-01-050_865,37.416712,127.126276,무단횡단방지펜스
무단횡단방지펜스_성남-01-050_866,37.416705,127.126044,무단횡단방지펜스
무단횡단방지펜스_성남-01-050_867,37.416697,127.125714,무단횡단방지펜스
무단횡단방지펜스_성남-01-050_868,37.416682,127.124799,무단횡단방지펜스
무단횡단방지펜스_성남-01-050_869,37.416681,127.124688,무단횡단방지펜스
무단횡단방지펜스_성남-01-050_870,37.416678,127.124443,무단횡단방지펜스
무단횡단방지펜스_성남-01-050_871,37.416537,127.123508,무단횡단방지펜스
무단횡단방지펜스_성남-01-050_872,37.416882,127.124957,무단횡단방지펜스
무단횡단방지펜스_성남-01-050_873,37.416897,127.125643,무단횡단방지펜스
무단횡단방지펜스_성남-01-050_874,37.416911,127.126138,무단횡단방지펜스
무단횡단방지펜스_성남-01-050_875,37.416914,127.126313,무단횡단방지펜스
무단횡단방지펜스_성남-01-050_876,37.416919,127.126488,무단횡단방지펜스
무단횡단방지펜스_성남-01-050_877,37.416925,127.126852,무단횡단방지펜스
무단횡단방지펜스_성남-01-050_878,37.416938,127.127363,무단횡단방지펜스
무단횡단방지펜스_성남-01-050_879,37.416944,127.127793,무단횡단방지펜스
무단횡단방지펜스_성남-01-050_880,37.416957,127.128242,무단횡단방지펜스
무단횡단방지펜스_성남-01-051_881,37.343723,127.115925,무단횡단방지펜스
무단횡단방지펜스_성남-01-052_882,37.398503,127.125525,무단횡단방지펜스
무단횡단방지펜스_성남-01-052_883,37.398879,127.125514,무단횡단방지펜스
무단횡단방지펜스_성남-01-052_884,37.398064,127.125522,무단횡단방지펜스
무단횡단방지펜스_성남-01-052_885,37.397685,127.125514,무단횡단방지펜스
무단횡단방지펜스_성남-01-052_886,37.397145,127.125509,무단횡단방지펜스
무단횡단방지펜스_성남-01-052_887,37.396469,127.125499,무단횡단방지펜스
무단횡단방지펜스_성남-01-052_888,37.395678,127.125487,무단횡단방지펜스
무단횡단방지펜스_성남-01-052_889,37.395043,127.125477,무단횡단방지펜스
무단횡단방지펜스_성남-01-052_890,37.395896,127.125241,무단횡단방지펜스
무단횡단방지펜스_성남-01-052_891,37.396854,127.125254,무단횡단방지펜스
무단횡단방지펜스_성남-01-052_892,37.397958,127.125272,무단횡단방지펜스
무단횡단방지펜스_성남-01-053_893,37.353569,127.116161,무단횡단방지펜스
무단횡단방지펜스_성남-01-053_894,37.354201,127.115021,무단횡단방지펜스
무단횡단방지펜스_성남-01-053_895,37.354943,127.113668,무단횡단방지펜스
무단횡단방지펜스_성남-01-053_896,37.354058,127.115819,무단횡단방지펜스
무단횡단방지펜스_성남-01-054_897,37.372715,127.133702,무단횡단방지펜스
무단횡단방지펜스_성남-01-054_898,37.372688,127.133421,무단횡단방지펜스
무단횡단방지펜스_성남-01-054_899,37.372526,127.133307,무단횡단방지펜스
무단횡단방지펜스_성남-01-054_900,37.373077,127.132675,무단횡단방지펜스
무단횡단방지펜스_성남-01-054_901,37.373347,127.132382,무단횡단방지펜스
무단횡단방지펜스_성남-01-054_902,37.373259,127.133077,무단횡단방지펜스
무단횡단방지펜스_성남-01-054_903,37.373987,127.132293,무단횡단방지펜스
무단횡단방지펜스_성남-01-054_904,37.373544,127.132143,무단횡단방지펜스
무단횡단방지펜스_성남-01-054_905,37.374133,127.131492,무단횡단방지펜스
무단횡단방지펜스_성남-01-054_906,37.374628,127.130973,무단횡단방지펜스
무단횡단방지펜스_성남-01-054_907,37.374871,127.130675,무단횡단방지펜스
무단횡단방지펜스_성남-01-054_908,37.375196,127.130952,무단횡단방지펜스
무단횡단방지펜스_성남-01-054_909,37.374358,127.131855,무단횡단방지펜스
무단횡단방지펜스_성남-01-055_910,37.366981,127.119349,무단횡단방지펜스
무단횡단방지펜스_성남-01-055_911,37.368265,127.120153,무단횡단방지펜스
무단횡단방지펜스_성남-01-055_912,37.367148,127.118988,무단횡단방지펜스
무단횡단방지펜스_성남-01-055_913,37.365692,127.119037,무단횡단방지펜스
무단횡단방지펜스_성남-01-055_914,37.365881,127.118827,무단횡단방지펜스
무단횡단방지펜스_성남-01-055_915,37.365196,127.119245,무단횡단방지펜스
무단횡단방지펜스_성남-01-055_916,37.364547,127.118834,무단횡단방지펜스
무단횡단방지펜스_성남-01-055_917,37.364899,127.119248,무단횡단방지펜스
무단횡단방지펜스_성남-01-055_918,37.364288,127.119252,무단횡단방지펜스
무단횡단방지펜스_성남-01-056_919,37.368062,127.124694,무단횡단방지펜스
무단횡단방지펜스_성남-01-056_920,37.368434,127.124293,무단횡단방지펜스
무단횡단방지펜스_성남-01-056_921,37.368597,127.124119,무단횡단방지펜스
무단횡단방지펜스_성남-01-056_922,37.368691,127.124013,무단횡단방지펜스
무단횡단방지펜스_성남-01-056_923,37.369165,127.123479,무단횡단방지펜스
무단횡단방지펜스_성남-01-056_924,37.369517,127.123048,무단횡단방지펜스
무단횡단방지펜스_성남-01-056_925,37.369684,127.122845,무단횡단방지펜스
무단횡단방지펜스_성남-01-057_926,37.400608,127.117022,무단횡단방지펜스
무단횡단방지펜스_성남-01-057_927,37.400642,127.116627,무단횡단방지펜스
무단횡단방지펜스_성남-01-057_928,37.401216,127.117015,무단횡단방지펜스
무단횡단방지펜스_성남-01-057_929,37.401703,127.116626,무단횡단방지펜스
무단횡단방지펜스_성남-01-057_930,37.401705,127.117021,무단횡단방지펜스
무단횡단방지펜스_성남-01-057_931,37.402075,127.116827,무단횡단방지펜스
무단횡단방지펜스_성남-01-057_932,37.402219,127.116624,무단횡단방지펜스
무단횡단방지펜스_성남-01-057_933,37.402309,127.117025,무단횡단방지펜스
무단횡단방지펜스_성남-01-057_934,37.402471,127.116633,무단횡단방지펜스
무단횡단방지펜스_성남-01-057_935,37.402758,127.116633,무단횡단방지펜스
무단횡단방지펜스_성남-01-057_936,37.403413,127.116967,무단횡단방지펜스
무단횡단방지펜스_성남-01-057_937,37.403465,127.116775,무단횡단방지펜스
무단횡단방지펜스_성남-01-057_938,37.403276,127.116599,무단횡단방지펜스
무단횡단방지펜스_성남-01-057_939,37.403969,127.116728,무단횡단방지펜스
무단횡단방지펜스_성남-01-057_940,37.403965,127.116279,무단횡단방지펜스
무단횡단방지펜스_성남-01-057_941,37.404235,127.116463,무단횡단방지펜스
무단횡단방지펜스_성남-01-057_942,37.404276,127.116463,무단횡단방지펜스
무단횡단방지펜스_성남-01-057_943,37.404438,127.116876,무단횡단방지펜스
무단횡단방지펜스_성남-01-057_944,37.404904,127.116908,무단횡단방지펜스
무단횡단방지펜스_성남-01-057_945,37.404768,127.117537,무단횡단방지펜스
무단횡단방지펜스_성남-01-057_946,37.404912,127.117413,무단횡단방지펜스
무단횡단방지펜스_성남-01-057_947,37.403814,127.115613,무단횡단방지펜스
무단횡단방지펜스_성남-01-057_948,37.403514,127.114638,무단횡단방지펜스
무단횡단방지펜스_성남-01-057_949,37.403995,127.115955,무단횡단방지펜스
무단횡단방지펜스_성남-01-057_950,37.404026,127.116006,무단횡단방지펜스
무단횡단방지펜스_성남-01-057_951,37.404062,127.116079,무단횡단방지펜스
무단횡단방지펜스_성남-01-057_952,37.404089,127.115335,무단횡단방지펜스
무단횡단방지펜스_성남-01-057_953,37.404191,127.115503,무단횡단방지펜스
무단횡단방지펜스_성남-01-057_954,37.404291,127.115701,무단횡단방지펜스
무단횡단방지펜스_성남-01-057_955,37.404371,127.115896,무단횡단방지펜스
무단횡단방지펜스_성남-01-057_956,37.404482,127.115814,무단횡단방지펜스
무단횡단방지펜스_성남-01-057_957,37.404786,127.115931,무단횡단방지펜스
무단횡단방지펜스_성남-01-057_958,37.404912,127.115493,무단횡단방지펜스
무단횡단방지펜스_성남-01-057_959,37.405079,127.115728,무단횡단방지펜스
무단횡단방지펜스_성남-01-057_960,37.405417,127.115338,무단횡단방지펜스
무단횡단방지펜스_성남-01-057_961,37.405549,127.115627,무단횡단방지펜스
무단횡단방지펜스_성남-01-057_962,37.405707,127.115322,무단횡단방지펜스
무단횡단방지펜스_성남-01-057_963,37.406371,127.115323,무단횡단방지펜스
무단횡단방지펜스_성남-01-057_964,37.406063,127.115616,무단횡단방지펜스
무단횡단방지펜스_성남-01-057_965,37.406482,127.115608,무단횡단방지펜스
무단횡단방지펜스_성남-01-058_966,37.387978,127.089751,무단횡단방지펜스
무단횡단방지펜스_성남-01-058_967,37.387791,127.089699,무단횡단방지펜스
무단횡단방지펜스_성남-01-058_968,37.387441,127.089317,무단횡단방지펜스
무단횡단방지펜스_성남-01-058_969,37.387268,127.089498,무단횡단방지펜스
무단횡단방지펜스_성남-01-058_970,37.387122,127.089431,무단횡단방지펜스
무단횡단방지펜스_성남-01-058_971,37.386834,127.089141,무단횡단방지펜스
무단횡단방지펜스_성남-01-058_972,37.386766,127.089302,무단횡단방지펜스
무단횡단방지펜스_성남-01-058_973,37.386442,127.089316,무단횡단방지펜스
무단횡단방지펜스_성남-01-058_974,37.386428,127.089649,무단횡단방지펜스
무단횡단방지펜스_성남-01-058_975,37.386284,127.089251,무단횡단방지펜스
무단횡단방지펜스_성남-01-058_976,37.386407,127.090233,무단횡단방지펜스
무단횡단방지펜스_성남-01-058_977,37.386275,127.089985,무단횡단방지펜스
무단횡단방지펜스_성남-01-058_978,37.386396,127.090841,무단횡단방지펜스
무단횡단방지펜스_성남-01-058_979,37.386253,127.091402,무단횡단방지펜스
무단횡단방지펜스_성남-01-058_980,37.386382,127.091399,무단횡단방지펜스
무단횡단방지펜스_성남-01-058_981,37.386383,127.092023,무단횡단방지펜스
무단횡단방지펜스_성남-01-058_982,37.386239,127.092695,무단횡단방지펜스
무단횡단방지펜스_성남-01-058_983,37.386419,127.092884,무단횡단방지펜스
무단횡단방지펜스_성남-01-058_984,37.386247,127.093302,무단횡단방지펜스
무단횡단방지펜스_성남-01-058_985,37.386387,127.093313,무단횡단방지펜스
무단횡단방지펜스_성남-01-058_986,37.386317,127.093567,무단횡단방지펜스
무단횡단방지펜스_성남-01-058_987,37.386416,127.093443,무단횡단방지펜스
무단횡단방지펜스_성남-01-058_988,37.386447,127.093909,무단횡단방지펜스
무단횡단방지펜스_성남-01-058_989,37.386515,127.093683,무단횡단방지펜스
무단횡단방지펜스_성남-01-059_990,37.448824,127.163321,무단횡단방지펜스
무단횡단방지펜스_성남-01-059_991,37.448771,127.162721,무단횡단방지펜스
무단횡단방지펜스_성남-01-059_992,37.448741,127.162421,무단횡단방지펜스
무단횡단방지펜스_성남-01-059_993,37.448713,127.162125,무단횡단방지펜스
무단횡단방지펜스_성남-01-059_994,37.448697,127.161955,무단횡단방지펜스
무단횡단방지펜스_성남-01-059_995,37.448539,127.163712,무단횡단방지펜스
무단횡단방지펜스_성남-01-059_996,37.448239,127.163819,무단횡단방지펜스
무단횡단방지펜스_성남-01-059_997,37.448154,127.163844,무단횡단방지펜스
무단횡단방지펜스_성남-01-059_998,37.448714,127.161416,무단횡단방지펜스
무단횡단방지펜스_성남-01-059_999,37.448813,127.161046,무단횡단방지펜스
무단횡단방지펜스_성남-01-060_1000,37.445147,127.131229,무단횡단방지펜스
무단횡단방지펜스_성남-01-060_1001,37.444976,127.130653,무단횡단방지펜스
무단횡단방지펜스_성남-01-060_1002,37.445071,127.130521,무단횡단방지펜스
무단횡단방지펜스_성남-01-060_1003,37.444991,127.130257,무단횡단방지펜스
무단횡단방지펜스_성남-01-060_1004,37.444905,127.130418,무단횡단방지펜스
무단횡단방지펜스_성남-01-060_1005,37.443921,127.130292,무단횡단방지펜스
무단횡단방지펜스_성남-01-060_1006,37.443897,127.130518,무단횡단방지펜스
무단횡단방지펜스_성남-01-060_1007,37.443929,127.130511,무단횡단방지펜스
무단횡단방지펜스_성남-01-060_1008,37.444024,127.130462,무단횡단방지펜스
무단횡단방지펜스_성남-01-060_1009,37.444109,127.130422,무단횡단방지펜스
무단횡단방지펜스_성남-01-060_1010,37.444238,127.130146,무단횡단방지펜스
무단횡단방지펜스_성남-01-060_1011,37.444369,127.130301,무단횡단방지펜스
무단횡단방지펜스_성남-01-060_1012,37.444475,127.130031,무단횡단방지펜스
무단횡단방지펜스_성남-01-060_1013,37.444646,127.129952,무단횡단방지펜스
무단횡단방지펜스_성남-01-060_1014,37.444603,127.130186,무단횡단방지펜스
무단횡단방지펜스_성남-01-060_1015,37.444711,127.130138,무단횡단방지펜스
무단횡단방지펜스_성남-01-060_1016,37.444839,127.130209,무단횡단방지펜스
무단횡단방지펜스_성남-01-060_1017,37.444839,127.129715,무단횡단방지펜스
무단횡단방지펜스_성남-01-060_1018,37.444723,127.129796,무단횡단방지펜스
무단횡단방지펜스_성남-01-060_1019,37.445027,127.129989,무단횡단방지펜스
무단횡단방지펜스_성남-01-060_1020,37.446336,127.129175,무단횡단방지펜스
무단횡단방지펜스_성남-01-061_1021,37.434214,127.128101,무단횡단방지펜스
무단횡단방지펜스_성남-01-061_1022,37.434871,127.127452,무단횡단방지펜스
무단횡단방지펜스_성남-01-061_1023,37.434419,127.127832,무단횡단방지펜스
무단횡단방지펜스_성남-01-062_1024,37.448113,127.141301,무단횡단방지펜스
무단횡단방지펜스_성남-01-062_1025,37.448371,127.142183,무단횡단방지펜스
무단횡단방지펜스_성남-01-062_1026,37.448497,127.142141,무단횡단방지펜스
무단횡단방지펜스_성남-01-062_1027,37.448661,127.142671,무단횡단방지펜스
무단횡단방지펜스_성남-01-062_1028,37.447055,127.140741,무단횡단방지펜스
무단횡단방지펜스_성남-01-062_1029,37.446947,127.140383,무단횡단방지펜스
무단횡단방지펜스_성남-01-062_1030,37.446858,127.140061,무단횡단방지펜스
무단횡단방지펜스_성남-01-062_1031,37.446754,127.139716,무단횡단방지펜스
무단횡단방지펜스_성남-01-062_1032,37.446692,127.139499,무단횡단방지펜스
무단횡단방지펜스_성남-01-062_1033,37.446795,127.139343,무단횡단방지펜스
무단횡단방지펜스_성남-01-062_1034,37.447253,127.139135,무단횡단방지펜스
무단횡단방지펜스_성남-01-063_1035,37.427909,127.097876,무단횡단방지펜스
무단횡단방지펜스_성남-01-063_1036,37.427886,127.097961,무단횡단방지펜스
무단횡단방지펜스_성남-01-063_1037,37.427767,127.098519,무단횡단방지펜스
무단횡단방지펜스_성남-01-063_1038,37.427719,127.098968,무단횡단방지펜스
무단횡단방지펜스_성남-01-063_1039,37.427723,127.099025,무단횡단방지펜스
무단횡단방지펜스_성남-01-063_1040,37.427764,127.099333,무단횡단방지펜스
무단횡단방지펜스_성남-01-063_1041,37.427889,127.099694,무단횡단방지펜스
무단횡단방지펜스_성남-01-063_1042,37.427851,127.098497,무단횡단방지펜스
무단횡단방지펜스_성남-01-063_1043,37.426774,127.100552,무단횡단방지펜스
무단횡단방지펜스_성남-01-063_1044,37.426983,127.100625,무단횡단방지펜스
무단횡단방지펜스_성남-01-063_1045,37.427145,127.100676,무단횡단방지펜스
무단횡단방지펜스_성남-01-063_1046,37.427371,127.100756,무단횡단방지펜스
무단횡단방지펜스_성남-01-063_1047,37.427443,127.100784,무단횡단방지펜스
무단횡단방지펜스_성남-01-063_1048,37.427665,127.100866,무단횡단방지펜스
무단횡단방지펜스_성남-01-063_1049,37.427871,127.100929,무단횡단방지펜스
무단횡단방지펜스_성남-01-063_1050,37.428287,127.100955,무단횡단방지펜스
무단횡단방지펜스_성남-01-063_1051,37.428868,127.100971,무단횡단방지펜스
무단횡단방지펜스_성남-01-063_1052,37.429544,127.100807,무단횡단방지펜스
무단횡단방지펜스_성남-01-063_1053,37.427877,127.100793,무단횡단방지펜스
무단횡단방지펜스_성남-01-063_1054,37.427166,127.100544,무단횡단방지펜스
무단횡단방지펜스_성남-01-063_1055,37.426609,127.100379,무단횡단방지펜스
무단횡단방지펜스_성남-01-063_1056,37.427816,127.098782,무단횡단방지펜스
무단횡단방지펜스_성남-01-063_1057,37.429612,127.100651,무단횡단방지펜스
무단횡단방지펜스_성남-01-063_1058,37.428031,127.099844,무단횡단방지펜스
무단횡단방지펜스_성남-01-063_1059,37.429143,127.100962,무단횡단방지펜스
무단횡단방지펜스_성남-01-064_1060,37.446302,127.145244,무단횡단방지펜스
무단횡단방지펜스_성남-01-064_1061,37.446151,127.145976,무단횡단방지펜스
무단횡단방지펜스_성남-01-064_1062,37.445719,127.144986,무단횡단방지펜스
무단횡단방지펜스_성남-01-064_1063,37.444628,127.143629,무단횡단방지펜스
무단횡단방지펜스_성남-01-064_1064,37.445355,127.144333,무단횡단방지펜스
무단횡단방지펜스_성남-01-064_1065,37.445948,127.145961,무단횡단방지펜스
무단횡단방지펜스_성남-01-064_1066,37.445962,127.145724,무단횡단방지펜스
무단횡단방지펜스_성남-01-064_1067,37.446071,127.145108,무단횡단방지펜스
무단횡단방지펜스_성남-01-064_1068,37.446169,127.145176,무단횡단방지펜스
무단횡단방지펜스_성남-01-064_1069,37.446845,127.145271,무단횡단방지펜스
무단횡단방지펜스_성남-01-064_1070,37.446869,127.145226,무단횡단방지펜스
무단횡단방지펜스_성남-01-064_1071,37.446927,127.145241,무단횡단방지펜스
무단횡단방지펜스_성남-01-064_1072,37.444629,127.143861,무단횡단방지펜스
무단횡단방지펜스_성남-01-064_1073,37.444605,127.143831,무단횡단방지펜스
무단횡단방지펜스_성남-01-064_1074,37.444531,127.143704,무단횡단방지펜스
무단횡단방지펜스_성남-01-064_1075,37.444416,127.143512,무단횡단방지펜스
무단횡단방지펜스_성남-01-064_1076,37.446015,127.145648,무단횡단방지펜스
무단횡단방지펜스_성남-01-064_1077,37.446272,127.145795,무단횡단방지펜스
무단횡단방지펜스_성남-01-065_1078,37.429532,127.142848,무단횡단방지펜스
무단횡단방지펜스_성남-01-065_1079,37.430311,127.144551,무단횡단방지펜스
무단횡단방지펜스_성남-01-065_1080,37.430183,127.144561,무단횡단방지펜스
무단횡단방지펜스_성남-01-065_1081,37.429724,127.144521,무단횡단방지펜스
무단횡단방지펜스_성남-01-065_1082,37.429348,127.144542,무단횡단방지펜스
무단횡단방지펜스_성남-01-065_1083,37.428872,127.142721,무단횡단방지펜스
무단횡단방지펜스_성남-01-065_1084,37.428859,127.142429,무단횡단방지펜스
무단횡단방지펜스_성남-01-065_1085,37.429089,127.142824,무단횡단방지펜스
무단횡단방지펜스_성남-01-066_1086,37.340496,127.118016,무단횡단방지펜스
무단횡단방지펜스_성남-01-066_1087,37.340329,127.118233,무단횡단방지펜스
무단횡단방지펜스_성남-01-066_1088,37.340463,127.118696,무단횡단방지펜스
무단횡단방지펜스_성남-01-066_1089,37.340351,127.119104,무단횡단방지펜스
무단횡단방지펜스_성남-01-066_1090,37.340224,127.118943,무단횡단방지펜스
무단횡단방지펜스_성남-01-066_1091,37.339619,127.120261,무단횡단방지펜스
무단횡단방지펜스_성남-01-067_1092,37.376933,127.132962,무단횡단방지펜스
무단횡단방지펜스_성남-01-067_1093,37.376886,127.133013,무단횡단방지펜스
무단횡단방지펜스_성남-01-067_1094,37.376851,127.133064,무단횡단방지펜스
무단횡단방지펜스_성남-01-067_1095,37.376622,127.133321,무단횡단방지펜스
무단횡단방지펜스_성남-01-067_1096,37.376432,127.133545,무단횡단방지펜스
무단횡단방지펜스_성남-01-067_1097,37.376211,127.133787,무단횡단방지펜스
무단횡단방지펜스_성남-01-067_1098,37.376031,127.133979,무단횡단방지펜스
무단횡단방지펜스_성남-01-067_1099,37.375763,127.134287,무단횡단방지펜스
무단횡단방지펜스_성남-01-067_1100,37.375562,127.134532,무단횡단방지펜스
무단횡단방지펜스_성남-01-067_1101,37.375287,127.134828,무단횡단방지펜스
무단횡단방지펜스_성남-01-067_1102,37.375215,127.134907,무단횡단방지펜스
무단횡단방지펜스_성남-01-067_1103,37.375169,127.134948,무단횡단방지펜스
무단횡단방지펜스_성남-01-067_1104,37.374994,127.135149,무단횡단방지펜스
무단횡단방지펜스_성남-01-067_1105,37.374899,127.135256,무단횡단방지펜스
무단횡단방지펜스_성남-01-067_1106,37.374815,127.135357,무단횡단방지펜스
무단횡단방지펜스_성남-01-067_1107,37.374745,127.135434,무단횡단방지펜스
무단횡단방지펜스_성남-01-067_1108,37.374666,127.135772,무단횡단방지펜스
무단횡단방지펜스_성남-01-067_1109,37.374491,127.135727,무단횡단방지펜스
무단횡단방지펜스_성남-01-067_1110,37.374321,127.135918,무단횡단방지펜스
무단횡단방지펜스_성남-01-067_1111,37.374217,127.136031,무단횡단방지펜스
무단횡단방지펜스_성남-01-067_1112,37.374077,127.136149,무단횡단방지펜스
무단횡단방지펜스_성남-01-068_1113,37.403546,127.123465,무단횡단방지펜스
무단횡단방지펜스_성남-01-068_1114,37.403368,127.123468,무단횡단방지펜스
무단횡단방지펜스_성남-01-068_1115,37.402934,127.123459,무단횡단방지펜스
무단횡단방지펜스_성남-01-068_1116,37.402454,127.123458,무단횡단방지펜스
무단횡단방지펜스_성남-01-068_1117,37.402199,127.123457,무단횡단방지펜스
무단횡단방지펜스_성남-01-068_1118,37.401496,127.123453,무단횡단방지펜스
무단횡단방지펜스_성남-01-068_1119,37.400818,127.123452,무단횡단방지펜스
무단횡단방지펜스_성남-01-068_1120,37.400327,127.123443,무단횡단방지펜스
무단횡단방지펜스_성남-01-068_1121,37.399831,127.123442,무단횡단방지펜스
무단횡단방지펜스_성남-01-068_1122,37.399568,127.123439,무단횡단방지펜스
무단횡단방지펜스_성남-01-068_1123,37.399741,127.123691,무단횡단방지펜스
무단횡단방지펜스_성남-01-068_1124,37.400808,127.123698,무단횡단방지펜스
무단횡단방지펜스_성남-01-068_1125,37.401291,127.123702,무단횡단방지펜스
무단횡단방지펜스_성남-01-068_1126,37.403537,127.123715,무단횡단방지펜스
무단횡단방지펜스_성남-01-069_1127,37.372441,127.107368,무단횡단방지펜스
무단횡단방지펜스_성남-01-069_1128,37.372316,127.105624,무단횡단방지펜스
무단횡단방지펜스_성남-01-069_1129,37.372315,127.104801,무단횡단방지펜스
무단횡단방지펜스_성남-01-069_1130,37.372568,127.105692,무단횡단방지펜스
무단횡단방지펜스_성남-01-069_1131,37.372564,127.105376,무단횡단방지펜스
무단횡단방지펜스_성남-01-069_1132,37.372564,127.104743,무단횡단방지펜스
무단횡단방지펜스_성남-01-069_1133,37.372451,127.105099,무단횡단방지펜스
무단횡단방지펜스_성남-01-070_1134,37.372723,127.139387,무단횡단방지펜스
무단횡단방지펜스_성남-01-070_1135,37.373361,127.138632,무단횡단방지펜스
무단횡단방지펜스_성남-01-070_1136,37.373893,127.138034,무단횡단방지펜스
무단횡단방지펜스_성남-01-070_1137,37.373607,127.138096,무단횡단방지펜스
무단횡단방지펜스_성남-01-070_1138,37.373156,127.138603,무단횡단방지펜스
무단횡단방지펜스_성남-01-070_1139,37.372751,127.139049,무단횡단방지펜스
무단횡단방지펜스_성남-01-070_1140,37.372486,127.139516,무단횡단방지펜스
무단횡단방지펜스_성남-01-070_1141,37.375073,127.139159,무단횡단방지펜스
무단횡단방지펜스_성남-01-070_1142,37.374712,127.138826,무단횡단방지펜스
무단횡단방지펜스_성남-01-070_1143,37.374422,127.138473,무단횡단방지펜스
무단횡단방지펜스_성남-01-070_1144,37.374233,127.138213,무단횡단방지펜스
무단횡단방지펜스_성남-01-071_1145,37.414402,127.138842,무단횡단방지펜스
무단횡단방지펜스_성남-01-071_1146,37.414293,127.139046,무단횡단방지펜스
무단횡단방지펜스_성남-01-071_1147,37.414059,127.138766,무단횡단방지펜스
무단횡단방지펜스_성남-01-071_1148,37.413857,127.138714,무단횡단방지펜스
무단횡단방지펜스_성남-01-071_1149,37.413641,127.138779,무단횡단방지펜스
무단횡단방지펜스_성남-01-071_1150,37.413733,127.138912,무단횡단방지펜스
무단횡단방지펜스_성남-01-071_1151,37.413386,127.138603,무단횡단방지펜스
무단횡단방지펜스_성남-01-071_1152,37.413351,127.138815,무단횡단방지펜스
무단횡단방지펜스_성남-01-071_1153,37.413123,127.140046,무단횡단방지펜스
무단횡단방지펜스_성남-01-071_1154,37.413141,127.139896,무단횡단방지펜스
무단횡단방지펜스_성남-01-071_1155,37.413174,127.139128,무단횡단방지펜스
무단횡단방지펜스_성남-01-071_1156,37.412971,127.139074,무단횡단방지펜스
무단횡단방지펜스_성남-01-071_1157,37.413215,127.138405,무단횡단방지펜스
무단횡단방지펜스_성남-01-071_1158,37.413132,127.138123,무단횡단방지펜스
무단횡단방지펜스_성남-01-071_1159,37.413013,127.138213,무단횡단방지펜스
무단횡단방지펜스_성남-01-071_1160,37.413033,127.138018,무단횡단방지펜스
무단횡단방지펜스_성남-01-071_1161,37.413045,127.137916,무단횡단방지펜스
무단횡단방지펜스_성남-01-071_1162,37.413268,127.137931,무단횡단방지펜스
무단횡단방지펜스_성남-01-071_1163,37.413281,127.137897,무단횡단방지펜스
무단횡단방지펜스_성남-01-071_1164,37.413094,127.137661,무단횡단방지펜스
무단횡단방지펜스_성남-01-071_1165,37.413308,127.137742,무단횡단방지펜스
무단횡단방지펜스_성남-01-071_1166,37.413088,127.137682,무단횡단방지펜스
무단횡단방지펜스_성남-01-071_1167,37.413311,127.137629,무단횡단방지펜스
무단횡단방지펜스_성남-01-071_1168,37.413106,127.137566,무단횡단방지펜스
무단횡단방지펜스_성남-01-071_1169,37.413327,127.137556,무단횡단방지펜스
무단횡단방지펜스_성남-01-071_1170,37.413338,127.137496,무단횡단방지펜스
무단횡단방지펜스_성남-01-071_1171,37.413367,127.137335,무단횡단방지펜스
무단횡단방지펜스_성남-01-071_1172,37.413379,127.137265,무단횡단방지펜스
무단횡단방지펜스_성남-01-071_1173,37.413401,127.137118,무단횡단방지펜스
무단횡단방지펜스_성남-01-071_1174,37.412647,127.138433,무단횡단방지펜스
무단횡단방지펜스_성남-01-071_1175,37.412645,127.138684,무단횡단방지펜스
무단횡단방지펜스_성남-01-072_1176,37.377112,127.116625,무단횡단방지펜스
무단횡단방지펜스_성남-01-072_1177,37.376702,127.117087,무단횡단방지펜스
무단횡단방지펜스_성남-01-072_1178,37.376071,127.117803,무단횡단방지펜스
무단횡단방지펜스_성남-01-072_1179,37.375694,127.118234,무단횡단방지펜스
무단횡단방지펜스_성남-01-072_1180,37.375292,127.118682,무단횡단방지펜스
무단횡단방지펜스_성남-01-072_1181,37.374893,127.119131,무단횡단방지펜스
무단횡단방지펜스_성남-01-072_1182,37.374659,127.119398,무단횡단방지펜스
무단횡단방지펜스_성남-01-072_1183,37.374573,127.119491,무단횡단방지펜스
무단횡단방지펜스_성남-01-072_1184,37.374424,127.119672,무단횡단방지펜스
무단횡단방지펜스_성남-01-072_1185,37.373785,127.118753,무단횡단방지펜스
무단횡단방지펜스_성남-01-072_1186,37.374022,127.118494,무단횡단방지펜스
무단횡단방지펜스_성남-01-073_1187,37.367046,127.071161,무단횡단방지펜스
무단횡단방지펜스_성남-01-073_1188,37.367461,127.071158,무단횡단방지펜스
무단횡단방지펜스_성남-01-073_1189,37.367123,127.070929,무단횡단방지펜스
무단횡단방지펜스_성남-01-073_1190,37.367362,127.070918,무단횡단방지펜스
무단횡단방지펜스_성남-01-073_1191,37.367902,127.070709,무단횡단방지펜스
무단횡단방지펜스_성남-01-073_1192,37.367988,127.070915,무단횡단방지펜스
무단횡단방지펜스_성남-01-073_1193,37.368533,127.070532,무단횡단방지펜스
무단횡단방지펜스_성남-01-073_1194,37.366857,127.071157,무단횡단방지펜스
무단횡단방지펜스_성남-01-073_1195,37.369327,127.069672,무단횡단방지펜스
무단횡단방지펜스_성남-01-073_1196,37.369732,127.069368,무단횡단방지펜스
무단횡단방지펜스_성남-01-073_1197,37.369845,127.069294,무단횡단방지펜스
무단횡단방지펜스_성남-01-073_1198,37.370484,127.069651,무단횡단방지펜스
무단횡단방지펜스_성남-01-073_1199,37.370521,127.069337,무단횡단방지펜스
무단횡단방지펜스_성남-01-073_1200,37.370223,127.069481,무단횡단방지펜스
무단횡단방지펜스_성남-01-073_1201,37.369937,127.069046,무단횡단방지펜스
무단횡단방지펜스_성남-01-073_1202,37.368217,127.068426,무단횡단방지펜스
무단횡단방지펜스_성남-01-073_1203,37.370079,127.068679,무단횡단방지펜스
무단횡단방지펜스_성남-01-073_1204,37.369368,127.068416,무단횡단방지펜스
무단횡단방지펜스_성남-01-073_1205,37.368487,127.068048,무단횡단방지펜스
무단횡단방지펜스_성남-01-073_1206,37.366941,127.067861,무단횡단방지펜스
무단횡단방지펜스_성남-01-073_1207,37.366609,127.067821,무단횡단방지펜스
무단횡단방지펜스_성남-01-073_1208,37.366761,127.068044,무단횡단방지펜스
무단횡단방지펜스_성남-01-073_1209,37.367165,127.068569,무단횡단방지펜스
무단횡단방지펜스_성남-01-073_1210,37.366982,127.068631,무단횡단방지펜스
무단횡단방지펜스_성남-01-073_1211,37.366746,127.068767,무단횡단방지펜스
무단횡단방지펜스_성남-01-073_1212,37.366989,127.068801,무단횡단방지펜스
무단횡단방지펜스_성남-01-073_1213,37.367262,127.068685,무단횡단방지펜스
무단횡단방지펜스_성남-01-073_1214,37.367347,127.068445,무단횡단방지펜스
무단횡단방지펜스_성남-01-073_1215,37.367009,127.068256,무단횡단방지펜스
무단횡단방지펜스_성남-01-076_1216,37.448712,127.142798,무단횡단방지펜스
무단횡단방지펜스_성남-01-076_1217,37.448771,127.142762,무단횡단방지펜스
무단횡단방지펜스_성남-01-076_1218,37.449032,127.142556,무단횡단방지펜스
무단횡단방지펜스_성남-01-076_1219,37.449255,127.142748,무단횡단방지펜스
무단횡단방지펜스_성남-01-076_1220,37.449063,127.142912,무단횡단방지펜스
무단횡단방지펜스_성남-01-076_1221,37.448797,127.143159,무단횡단방지펜스
무단횡단방지펜스_성남-01-076_1222,37.448657,127.143294,무단횡단방지펜스
무단횡단방지펜스_성남-01-076_1223,37.448436,127.143505,무단횡단방지펜스
무단횡단방지펜스_성남-01-076_1224,37.448375,127.143567,무단횡단방지펜스
무단횡단방지펜스_성남-01-076_1225,37.448244,127.143691,무단횡단방지펜스
무단횡단방지펜스_성남-01-076_1226,37.448048,127.143876,무단횡단방지펜스
무단횡단방지펜스_성남-01-076_1227,37.447987,127.143931,무단횡단방지펜스
무단횡단방지펜스_성남-01-076_1228,37.446946,127.145049,무단횡단방지펜스
무단횡단방지펜스_성남-01-076_1229,37.446871,127.145066,무단횡단방지펜스
무단횡단방지펜스_성남-01-076_1230,37.446586,127.144927,무단횡단방지펜스
무단횡단방지펜스_성남-01-077_1231,37.467786,127.137987,무단횡단방지펜스
무단횡단방지펜스_성남-01-077_1232,37.467971,127.138165,무단횡단방지펜스
무단횡단방지펜스_성남-01-078_1233,37.470014,127.147167,무단횡단방지펜스
무단횡단방지펜스_성남-01-078_1234,37.470103,127.147841,무단횡단방지펜스
무단횡단방지펜스_성남-01-078_1235,37.469831,127.147952,무단횡단방지펜스
무단횡단방지펜스_성남-01-078_1236,37.469808,127.148345,무단횡단방지펜스
무단횡단방지펜스_성남-01-078_1237,37.470025,127.149123,무단횡단방지펜스
무단횡단방지펜스_성남-01-078_1238,37.469775,127.149111,무단횡단방지펜스
무단횡단방지펜스_성남-01-079_1239,37.467811,127.150165,무단횡단방지펜스
무단횡단방지펜스_성남-01-079_1240,37.467591,127.150721,무단횡단방지펜스
무단횡단방지펜스_성남-01-079_1241,37.467368,127.151714,무단횡단방지펜스
무단횡단방지펜스_성남-01-079_1242,37.467349,127.151043,무단횡단방지펜스
무단횡단방지펜스_성남-01-079_1243,37.467593,127.150408,무단횡단방지펜스
무단횡단방지펜스_성남-01-079_1244,37.467385,127.150908,무단횡단방지펜스
무단횡단방지펜스_성남-01-079_1245,37.467276,127.151569,무단횡단방지펜스
무단횡단방지펜스_성남-01-080_1246,37.427135,127.096451,무단횡단방지펜스
무단횡단방지펜스_성남-01-080_1247,37.427108,127.096423,무단횡단방지펜스
무단횡단방지펜스_성남-01-080_1248,37.427021,127.096352,무단횡단방지펜스
무단횡단방지펜스_성남-01-082_1249,37.451798,127.162177,무단횡단방지펜스
무단횡단방지펜스_성남-01-082_1250,37.452171,127.162341,무단횡단방지펜스
무단횡단방지펜스_성남-01-082_1251,37.452424,127.162449,무단횡단방지펜스
무단횡단방지펜스_성남-01-082_1252,37.452581,127.162523,무단횡단방지펜스
무단횡단방지펜스_성남-01-082_1253,37.452996,127.162705,무단횡단방지펜스
무단횡단방지펜스_성남-01-082_1254,37.453032,127.162541,무단횡단방지펜스
무단횡단방지펜스_성남-01-082_1255,37.452796,127.162433,무단횡단방지펜스
무단횡단방지펜스_성남-01-082_1256,37.452163,127.162155,무단횡단방지펜스
무단횡단방지펜스_성남-01-083_1257,37.435217,127.143324,무단횡단방지펜스
무단횡단방지펜스_성남-01-083_1258,37.434789,127.143271,무단횡단방지펜스
무단횡단방지펜스_성남-01-083_1259,37.434136,127.142975,무단횡단방지펜스
무단횡단방지펜스_성남-01-085_1260,37.414375,127.150063,무단횡단방지펜스
무단횡단방지펜스_성남-01-085_1261,37.414344,127.149919,무단횡단방지펜스
무단횡단방지펜스_성남-01-085_1262,37.414366,127.149684,무단횡단방지펜스
무단횡단방지펜스_성남-01-085_1263,37.414388,127.149007,무단횡단방지펜스
무단횡단방지펜스_성남-01-085_1264,37.414739,127.148714,무단횡단방지펜스
무단횡단방지펜스_성남-01-085_1265,37.414929,127.148454,무단횡단방지펜스
무단횡단방지펜스_성남-01-085_1266,37.415024,127.148172,무단횡단방지펜스
무단횡단방지펜스_성남-01-085_1267,37.414781,127.148205,무단횡단방지펜스
무단횡단방지펜스_성남-01-085_1268,37.414551,127.148431,무단횡단방지펜스
무단횡단방지펜스_성남-01-085_1269,37.414153,127.149528,무단횡단방지펜스
무단횡단방지펜스_성남-01-085_1270,37.414128,127.149709,무단횡단방지펜스
무단횡단방지펜스_성남-01-085_1271,37.414119,127.149816,무단횡단방지펜스
무단횡단방지펜스_성남-01-085_1272,37.414003,127.149977,무단횡단방지펜스
무단횡단방지펜스_성남-01-085_1273,37.413875,127.149961,무단횡단방지펜스
무단횡단방지펜스_성남-01-085_1274,37.413639,127.149886,무단횡단방지펜스
무단횡단방지펜스_성남-01-085_1275,37.413866,127.150183,무단횡단방지펜스
무단횡단방지펜스_성남-01-085_1276,37.414089,127.150271,무단횡단방지펜스
무단횡단방지펜스_성남-01-085_1277,37.414154,127.150571,무단횡단방지펜스
무단횡단방지펜스_성남-01-085_1278,37.414338,127.151198,무단횡단방지펜스
무단횡단방지펜스_성남-01-085_1279,37.414413,127.150385,무단횡단방지펜스
무단횡단방지펜스_성남-01-086_1280,37.367037,127.125494,무단횡단방지펜스
무단횡단방지펜스_성남-01-086_1281,37.367329,127.125274,무단횡단방지펜스
무단횡단방지펜스_성남-01-086_1282,37.367505,127.125155,무단횡단방지펜스
무단횡단방지펜스_성남-01-086_1283,37.367654,127.125048,무단횡단방지펜스
무단횡단방지펜스_성남-01-087_1284,37.368448,127.111309,무단횡단방지펜스
무단횡단방지펜스_성남-01-087_1285,37.368447,127.111642,무단횡단방지펜스
무단횡단방지펜스_성남-01-087_1286,37.368539,127.112011,무단횡단방지펜스
무단횡단방지펜스_성남-01-087_1287,37.368449,127.112048,무단횡단방지펜스
무단횡단방지펜스_성남-01-087_1288,37.368543,127.112701,무단횡단방지펜스
무단횡단방지펜스_성남-01-087_1289,37.368451,127.112666,무단횡단방지펜스
무단횡단방지펜스_성남-01-088_1290,37.373451,127.136905,무단횡단방지펜스
무단횡단방지펜스_성남-01-088_1291,37.373388,127.136978,무단횡단방지펜스
무단횡단방지펜스_성남-01-088_1292,37.373321,127.137054,무단횡단방지펜스
무단횡단방지펜스_성남-01-088_1293,37.372792,127.137651,무단횡단방지펜스
무단횡단방지펜스_성남-01-088_1294,37.372461,127.138016,무단횡단방지펜스
무단횡단방지펜스_성남-01-088_1295,37.371906,127.138638,무단횡단방지펜스
무단횡단방지펜스_성남-01-088_1296,37.371769,127.138795,무단횡단방지펜스
무단횡단방지펜스_성남-01-088_1297,37.371606,127.138976,무단횡단방지펜스
무단횡단방지펜스_성남-01-088_1298,37.371394,127.139209,무단횡단방지펜스
무단횡단방지펜스_성남-01-088_1299,37.371479,127.139388,무단횡단방지펜스
무단횡단방지펜스_성남-01-088_1300,37.371702,127.139142,무단횡단방지펜스
무단횡단방지펜스_성남-01-088_1301,37.372778,127.137939,무단횡단방지펜스
무단횡단방지펜스_성남-01-088_1302,37.372923,127.137767,무단횡단방지펜스
무단횡단방지펜스_성남-01-088_1303,37.373112,127.137562,무단횡단방지펜스
무단횡단방지펜스_성남-01-088_1304,37.373396,127.137238,무단횡단방지펜스
무단횡단방지펜스_성남-01-089_1305,37.374197,127.142103,무단횡단방지펜스
무단횡단방지펜스_성남-01-089_1306,37.373551,127.141836,무단횡단방지펜스
무단횡단방지펜스_성남-01-089_1307,37.373346,127.141748,무단횡단방지펜스
무단횡단방지펜스_성남-01-089_1308,37.373141,127.141633,무단횡단방지펜스
무단횡단방지펜스_성남-01-089_1309,37.373076,127.141586,무단횡단방지펜스
무단횡단방지펜스_성남-01-089_1310,37.372941,127.141484,무단횡단방지펜스
무단횡단방지펜스_성남-01-089_1311,37.372651,127.141216,무단횡단방지펜스
무단횡단방지펜스_성남-01-089_1312,37.372414,127.140926,무단횡단방지펜스
무단횡단방지펜스_성남-01-089_1313,37.372509,127.141227,무단횡단방지펜스
무단횡단방지펜스_성남-01-089_1314,37.372458,127.141311,무단횡단방지펜스
무단횡단방지펜스_성남-01-089_1315,37.373017,127.141815,무단횡단방지펜스
무단횡단방지펜스_성남-01-089_1316,37.373159,127.141903,무단횡단방지펜스
무단횡단방지펜스_성남-01-089_1317,37.374086,127.142305,무단횡단방지펜스
무단횡단방지펜스_성남-01-089_1318,37.371791,127.140246,무단횡단방지펜스
무단횡단방지펜스_성남-01-089_1319,37.371733,127.140325,무단횡단방지펜스
무단횡단방지펜스_성남-01-090_1320,37.349325,127.111921,무단횡단방지펜스
무단횡단방지펜스_성남-01-090_1321,37.348997,127.112098,무단횡단방지펜스
무단횡단방지펜스_성남-01-090_1322,37.348435,127.112099,무단횡단방지펜스
무단횡단방지펜스_성남-01-090_1323,37.347915,127.112105,무단횡단방지펜스
무단횡단방지펜스_성남-01-090_1324,37.347856,127.111931,무단횡단방지펜스
무단횡단방지펜스_성남-01-090_1325,37.347372,127.111941,무단횡단방지펜스
무단횡단방지펜스_성남-01-090_1326,37.347534,127.112107,무단횡단방지펜스
무단횡단방지펜스_성남-01-090_1327,37.347352,127.112107,무단횡단방지펜스
무단횡단방지펜스_성남-01-090_1328,37.346773,127.112112,무단횡단방지펜스
무단횡단방지펜스_성남-01-091_1329,37.405571,127.144505,무단횡단방지펜스
무단횡단방지펜스_성남-01-091_1330,37.406573,127.142321,무단횡단방지펜스
무단횡단방지펜스_성남-01-092_1331,37.353599,127.110158,무단횡단방지펜스
무단횡단방지펜스_성남-01-092_1332,37.353537,127.110745,무단횡단방지펜스
무단횡단방지펜스_성남-01-092_1333,37.353517,127.110872,무단횡단방지펜스
무단횡단방지펜스_성남-01-092_1334,37.352873,127.112259,무단횡단방지펜스
무단횡단방지펜스_성남-01-092_1335,37.352782,127.112414,무단횡단방지펜스
무단횡단방지펜스_성남-01-092_1336,37.352539,127.112177,무단횡단방지펜스
무단횡단방지펜스_성남-01-092_1337,37.352614,127.112051,무단횡단방지펜스
무단횡단방지펜스_성남-01-093_1338,37.340165,127.123234,무단횡단방지펜스
무단횡단방지펜스_성남-01-093_1339,37.340011,127.123672,무단횡단방지펜스
무단횡단방지펜스_성남-01-093_1340,37.340208,127.124129,무단횡단방지펜스
무단횡단방지펜스_성남-01-093_1341,37.340468,127.124433,무단횡단방지펜스
무단횡단방지펜스_성남-01-094_1342,37.393077,127.072629,무단횡단방지펜스
무단횡단방지펜스_성남-01-094_1343,37.393239,127.072693,무단횡단방지펜스
무단횡단방지펜스_성남-01-094_1344,37.393231,127.072499,무단횡단방지펜스
무단횡단방지펜스_성남-01-094_1345,37.393045,127.071735,무단횡단방지펜스
무단횡단방지펜스_성남-01-094_1346,37.393234,127.071475,무단횡단방지펜스
무단횡단방지펜스_성남-01-096_1347,37.414908,127.138854,무단횡단방지펜스
무단횡단방지펜스_성남-01-096_1348,37.414881,127.138972,무단횡단방지펜스
무단횡단방지펜스_성남-01-096_1349,37.414869,127.139015,무단횡단방지펜스
무단횡단방지펜스_성남-01-096_1350,37.414851,127.139094,무단횡단방지펜스
무단횡단방지펜스_성남-01-096_1351,37.414824,127.139232,무단횡단방지펜스
무단횡단방지펜스_성남-01-096_1352,37.414804,127.139368,무단횡단방지펜스
무단횡단방지펜스_성남-01-096_1353,37.414781,127.139588,무단횡단방지펜스
무단횡단방지펜스_성남-01-096_1354,37.414771,127.139698,무단횡단방지펜스
무단횡단방지펜스_성남-01-096_1355,37.414437,127.140542,무단횡단방지펜스
무단횡단방지펜스_성남-01-096_1356,37.414622,127.140853,무단횡단방지펜스
무단횡단방지펜스_성남-01-096_1357,37.414529,127.141372,무단횡단방지펜스
무단횡단방지펜스_성남-01-096_1358,37.414319,127.141241,무단횡단방지펜스
무단횡단방지펜스_성남-01-096_1359,37.414383,127.140891,무단횡단방지펜스
무단횡단방지펜스_성남-01-096_1360,37.414597,127.139225,무단횡단방지펜스
무단횡단방지펜스_성남-01-098_1361,37.388994,127.097675,무단횡단방지펜스
무단횡단방지펜스_성남-01-098_1362,37.388511,127.097481,무단횡단방지펜스
무단횡단방지펜스_성남-01-098_1363,37.388992,127.097511,무단횡단방지펜스
무단횡단방지펜스_성남-01-098_1364,37.389404,127.097698,무단횡단방지펜스
무단횡단방지펜스_성남-01-098_1365,37.389372,127.097517,무단횡단방지펜스
무단횡단방지펜스_성남-01-098_1366,37.389949,127.097721,무단횡단방지펜스
무단횡단방지펜스_성남-01-098_1367,37.390282,127.097566,무단횡단방지펜스
무단횡단방지펜스_성남-01-098_1368,37.390129,127.097731,무단횡단방지펜스
무단횡단방지펜스_성남-01-098_1369,37.390496,127.097764,무단횡단방지펜스
무단횡단방지펜스_성남-01-098_1370,37.390967,127.097884,무단횡단방지펜스
무단횡단방지펜스_성남-01-098_1371,37.390961,127.097709,무단횡단방지펜스
무단횡단방지펜스_성남-01-098_1372,37.389697,127.097862,무단횡단방지펜스
무단횡단방지펜스_성남-01-098_1373,37.389554,127.097904,무단횡단방지펜스
무단횡단방지펜스_성남-01-099_1374,37.404541,127.125325,무단횡단방지펜스
무단횡단방지펜스_성남-01-099_1375,37.403878,127.125312,무단횡단방지펜스
무단횡단방지펜스_성남-01-099_1376,37.403594,127.125306,무단횡단방지펜스
무단횡단방지펜스_성남-01-099_1377,37.403375,127.125305,무단횡단방지펜스
무단횡단방지펜스_성남-01-099_1378,37.405083,127.125578,무단횡단방지펜스
무단횡단방지펜스_성남-01-099_1379,37.404848,127.125578,무단횡단방지펜스
무단횡단방지펜스_성남-01-099_1380,37.404702,127.125578,무단횡단방지펜스
무단횡단방지펜스_성남-01-099_1381,37.404091,127.125568,무단횡단방지펜스
무단횡단방지펜스_성남-01-099_1382,37.403134,127.125558,무단횡단방지펜스
무단횡단방지펜스_성남-01-099_1383,37.402612,127.125552,무단횡단방지펜스
무단횡단방지펜스_성남-01-099_1384,37.402269,127.125546,무단횡단방지펜스
무단횡단방지펜스_성남-01-099_1385,37.401933,127.125542,무단횡단방지펜스
무단횡단방지펜스_성남-01-100_1386,37.371762,127.126156,무단횡단방지펜스
무단횡단방지펜스_성남-01-100_1387,37.370189,127.127356,무단횡단방지펜스
무단횡단방지펜스_성남-01-100_1388,37.369995,127.127571,무단횡단방지펜스
무단횡단방지펜스_성남-01-100_1389,37.370447,127.127642,무단횡단방지펜스
무단횡단방지펜스_성남-01-100_1390,37.370192,127.127926,무단횡단방지펜스
무단횡단방지펜스_성남-01-100_1391,37.369466,127.128726,무단횡단방지펜스
무단횡단방지펜스_성남-01-100_1392,37.369232,127.128427,무단횡단방지펜스
무단횡단방지펜스_성남-01-101_1393,37.410785,127.133671,무단횡단방지펜스
무단횡단방지펜스_성남-01-101_1394,37.410846,127.133409,무단횡단방지펜스
무단횡단방지펜스_성남-01-101_1395,37.411043,127.133122,무단횡단방지펜스
무단횡단방지펜스_성남-01-102_1396,37.393912,127.129799,무단횡단방지펜스
무단횡단방지펜스_성남-01-102_1397,37.393669,127.130012,무단횡단방지펜스
무단횡단방지펜스_성남-01-102_1398,37.393226,127.130547,무단횡단방지펜스
무단횡단방지펜스_성남-01-103_1399,37.360748,127.111858,무단횡단방지펜스
무단횡단방지펜스_성남-01-103_1400,37.360746,127.111921,무단횡단방지펜스
무단횡단방지펜스_성남-01-103_1401,37.360744,127.111983,무단횡단방지펜스
무단횡단방지펜스_성남-01-104_1402,37.398438,127.096581,무단횡단방지펜스
무단횡단방지펜스_성남-01-104_1403,37.398561,127.097063,무단횡단방지펜스
무단횡단방지펜스_성남-01-104_1404,37.398657,127.097021,무단횡단방지펜스
무단횡단방지펜스_성남-01-104_1405,37.398768,127.097231,무단횡단방지펜스
무단횡단방지펜스_성남-01-104_1406,37.398841,127.097388,무단횡단방지펜스
무단횡단방지펜스_성남-01-105_1407,37.351451,127.110629,무단횡단방지펜스
무단횡단방지펜스_성남-01-105_1408,37.351452,127.111211,무단횡단방지펜스
무단횡단방지펜스_성남-01-105_1409,37.351175,127.111698,무단횡단방지펜스
무단횡단방지펜스_성남-01-106_1410,37.388133,127.114365,무단횡단방지펜스
무단횡단방지펜스_성남-01-106_1411,37.388256,127.114502,무단횡단방지펜스
무단횡단방지펜스_성남-01-110_1412,37.447996,127.141157,무단횡단방지펜스
무단횡단방지펜스_성남-01-114_1413,37.435791,127.127656,무단횡단방지펜스
무단횡단방지펜스_성남-01-114_1414,37.436222,127.127279,무단횡단방지펜스
무단횡단방지펜스_성남-01-114_1415,37.436328,127.127181,무단횡단방지펜스
무단횡단방지펜스_성남-01-114_1416,37.436439,127.127081,무단횡단방지펜스
무단횡단방지펜스_성남-01-114_1417,37.436815,127.126791,무단횡단방지펜스
무단횡단방지펜스_성남-01-114_1418,37.437288,127.126424,무단횡단방지펜스
무단횡단방지펜스_성남-01-114_1419,37.435564,127.127764,무단횡단방지펜스
무단횡단방지펜스_성남-01-114_1420,37.436617,127.126943,무단횡단방지펜스
무단횡단방지펜스_성남-01-114_1421,37.436669,127.126898,무단횡단방지펜스
무단횡단방지펜스_성남-01-120_1422,37.442398,127.159144,무단횡단방지펜스
무단횡단방지펜스_성남-01-120_1423,37.442301,127.159017,무단횡단방지펜스
무단횡단방지펜스_성남-01-120_1424,37.442207,127.159001,무단횡단방지펜스
무단횡단방지펜스_성남-01-120_1425,37.441973,127.158658,무단횡단방지펜스
무단횡단방지펜스_성남-01-120_1426,37.442023,127.158607,무단횡단방지펜스
무단횡단방지펜스_성남-01-120_1427,37.441893,127.158352,무단횡단방지펜스
무단횡단방지펜스_성남-01-120_1428,37.441962,127.158375,무단횡단방지펜스
무단횡단방지펜스_성남-01-120_1429,37.442609,127.157471,무단횡단방지펜스
무단횡단방지펜스_성남-01-120_1430,37.442659,127.157518,무단횡단방지펜스
무단횡단방지펜스_성남-01-120_1431,37.442608,127.156868,무단횡단방지펜스
무단횡단방지펜스_성남-01-120_1432,37.442662,127.156831,무단횡단방지펜스
무단횡단방지펜스_성남-01-120_1433,37.442582,127.156458,무단횡단방지펜스
무단횡단방지펜스_성남-01-120_1434,37.442749,127.156181,무단횡단방지펜스
무단횡단방지펜스_성남-01-120_1435,37.442886,127.155973,무단횡단방지펜스
무단횡단방지펜스_성남-01-123_1436,37.405124,127.150119,무단횡단방지펜스
무단횡단방지펜스_성남-01-125_1437,37.386442,127.088537,무단횡단방지펜스
무단횡단방지펜스_성남-01-125_1438,37.386299,127.088514,무단횡단방지펜스
무단횡단방지펜스_성남-01-125_1439,37.386436,127.087799,무단횡단방지펜스
무단횡단방지펜스_성남-01-125_1440,37.386317,127.087506,무단횡단방지펜스
무단횡단방지펜스_성남-01-125_1441,37.386547,127.087148,무단횡단방지펜스
무단횡단방지펜스_성남-01-125_1442,37.386721,127.086749,무단횡단방지펜스
무단횡단방지펜스_성남-01-125_1443,37.386563,127.086685,무단횡단방지펜스
무단횡단방지펜스_성남-01-127_1444,37.370994,127.115074,무단횡단방지펜스
무단횡단방지펜스_성남-01-127_1445,37.370903,127.115167,무단횡단방지펜스
무단횡단방지펜스_성남-01-128_1446,37.390618,127.133434,무단횡단방지펜스
무단횡단방지펜스_성남-01-128_1447,37.390663,127.133359,무단횡단방지펜스
무단횡단방지펜스_성남-01-128_1448,37.390431,127.133274,무단횡단방지펜스
무단횡단방지펜스_성남-01-128_1449,37.390988,127.133699,무단횡단방지펜스
무단횡단방지펜스_성남-01-130_1450,37.407221,127.123496,무단횡단방지펜스
무단횡단방지펜스_성남-01-130_1451,37.407292,127.123491,무단횡단방지펜스
무단횡단방지펜스_성남-01-130_1452,37.407341,127.123483,무단횡단방지펜스
무단횡단방지펜스_성남-01-130_1453,37.407416,127.123569,무단횡단방지펜스
무단횡단방지펜스_성남-01-131_1454,37.405792,127.116041,무단횡단방지펜스
무단횡단방지펜스_성남-01-131_1455,37.405878,127.115857,무단횡단방지펜스
무단횡단방지펜스_성남-01-131_1456,37.405872,127.116111,무단횡단방지펜스
무단횡단방지펜스_성남-01-131_1457,37.406296,127.116483,무단횡단방지펜스
무단횡단방지펜스_성남-01-131_1458,37.406382,127.116493,무단횡단방지펜스
무단횡단방지펜스_성남-01-131_1459,37.406305,127.115901,무단횡단방지펜스
무단횡단방지펜스_성남-01-131_1460,37.406382,127.115981,무단횡단방지펜스
무단횡단방지펜스_성남-01-131_1461,37.406388,127.115807,무단횡단방지펜스
무단횡단방지펜스_성남-01-132_1462,37.391396,127.091123,무단횡단방지펜스
무단횡단방지펜스_성남-01-132_1463,37.391299,127.091618,무단횡단방지펜스
무단횡단방지펜스_성남-01-132_1464,37.391145,127.092358,무단횡단방지펜스
무단횡단방지펜스_성남-01-132_1465,37.391575,127.090283,무단횡단방지펜스
무단횡단방지펜스_성남-01-132_1466,37.391493,127.090654,무단횡단방지펜스
무단횡단방지펜스_성남-01-132_1467,37.391453,127.090855,무단횡단방지펜스
무단횡단방지펜스_성남-01-133_1468,37.379153,127.114522,무단횡단방지펜스
무단횡단방지펜스_성남-01-133_1469,37.379315,127.114761,무단횡단방지펜스
무단횡단방지펜스_성남-01-134_1470,37.345079,127.112123,무단횡단방지펜스
무단횡단방지펜스_성남-01-134_1471,37.344788,127.111954,무단횡단방지펜스
무단횡단방지펜스_성남-01-134_1472,37.344588,127.111959,무단횡단방지펜스
무단횡단방지펜스_성남-01-134_1473,37.344493,127.112131,무단횡단방지펜스
무단횡단방지펜스_성남-01-134_1474,37.344076,127.112131,무단횡단방지펜스
무단횡단방지펜스_성남-01-134_1475,37.343669,127.112131,무단횡단방지펜스
무단횡단방지펜스_성남-01-135_1476,37.406533,127.152882,무단횡단방지펜스
무단횡단방지펜스_성남-01-135_1477,37.406336,127.152822,무단횡단방지펜스
무단횡단방지펜스_성남-01-135_1478,37.406486,127.152425,무단횡단방지펜스
무단횡단방지펜스_성남-01-135_1479,37.406437,127.152015,무단횡단방지펜스
무단횡단방지펜스_성남-01-135_1480,37.406234,127.151913,무단횡단방지펜스
무단횡단방지펜스_성남-01-135_1481,37.406402,127.151727,무단횡단방지펜스
무단횡단방지펜스_성남-01-135_1482,37.406147,127.151125,무단횡단방지펜스
무단횡단방지펜스_성남-01-135_1483,37.406321,127.150993,무단횡단방지펜스
무단횡단방지펜스_성남-01-136_1484,37.449936,127.158341,무단횡단방지펜스
무단횡단방지펜스_성남-01-136_1485,37.449686,127.158225,무단횡단방지펜스
무단횡단방지펜스_성남-01-136_1486,37.449563,127.158171,무단횡단방지펜스
무단횡단방지펜스_성남-01-136_1487,37.449162,127.157992,무단횡단방지펜스
무단횡단방지펜스_성남-01-137_1488,37.450111,127.152554,무단횡단방지펜스
무단횡단방지펜스_성남-01-137_1489,37.450339,127.152235,무단횡단방지펜스
무단횡단방지펜스_성남-01-137_1490,37.449967,127.152446,무단횡단방지펜스
무단횡단방지펜스_성남-01-137_1491,37.450148,127.152885,무단횡단방지펜스
무단횡단방지펜스_성남-01-137_1492,37.450333,127.153103,무단횡단방지펜스
무단횡단방지펜스_성남-01-137_1493,37.449903,127.152825,무단횡단방지펜스
무단횡단방지펜스_성남-01-137_1494,37.449592,127.153217,무단횡단방지펜스
무단횡단방지펜스_성남-01-137_1495,37.449743,127.153019,무단횡단방지펜스
무단횡단방지펜스_성남-01-137_1496,37.449326,127.153499,무단횡단방지펜스
무단횡단방지펜스_성남-01-137_1497,37.449221,127.153578,무단횡단방지펜스
무단횡단방지펜스_성남-01-137_1498,37.449471,127.154104,무단횡단방지펜스
무단횡단방지펜스_성남-01-137_1499,37.449532,127.154208,무단횡단방지펜스
무단횡단방지펜스_성남-01-137_1500,37.449602,127.154319,무단횡단방지펜스
무단횡단방지펜스_성남-01-137_1501,37.449696,127.154481,무단횡단방지펜스
무단횡단방지펜스_성남-01-138_1502,37.408527,127.143499,무단횡단방지펜스
무단횡단방지펜스_성남-01-138_1503,37.409432,127.143855,무단횡단방지펜스
무단횡단방지펜스_성남-01-138_1504,37.409092,127.143772,무단횡단방지펜스
무단횡단방지펜스_성남-01-139_1505,37.465467,127.127142,무단횡단방지펜스
무단횡단방지펜스_성남-01-139_1506,37.465462,127.127227,무단횡단방지펜스
무단횡단방지펜스_성남-01-139_1507,37.465426,127.127707,무단횡단방지펜스
무단횡단방지펜스_성남-01-139_1508,37.465222,127.128311,무단횡단방지펜스
무단횡단방지펜스_성남-01-139_1509,37.465218,127.128173,무단횡단방지펜스
무단횡단방지펜스_성남-01-140_1510,37.390481,127.125702,무단횡단방지펜스
무단횡단방지펜스_성남-01-140_1511,37.389937,127.124959,무단횡단방지펜스
무단횡단방지펜스_성남-01-140_1512,37.389746,127.124691,무단횡단방지펜스
무단횡단방지펜스_성남-01-140_1513,37.389427,127.124252,무단횡단방지펜스
무단횡단방지펜스_성남-01-140_1514,37.389248,127.124341,무단횡단방지펜스
무단횡단방지펜스_성남-01-140_1515,37.389962,127.125329,무단횡단방지펜스
무단횡단방지펜스_성남-01-140_1516,37.390335,127.125835,무단횡단방지펜스
무단횡단방지펜스_성남-01-141_1517,37.367355,127.070322,무단횡단방지펜스
무단횡단방지펜스_성남-01-141_1518,37.367361,127.070041,무단횡단방지펜스
무단횡단방지펜스_성남-01-141_1519,37.367452,127.070277,무단횡단방지펜스
무단횡단방지펜스_성남-01-141_1520,37.367609,127.070689,무단횡단방지펜스
무단횡단방지펜스_성남-02-003_1521,37.439197,127.137608,무단횡단방지펜스
무단횡단방지펜스_성남-02-003_1522,37.439245,127.137537,무단횡단방지펜스
무단횡단방지펜스_성남-02-003_1523,37.439466,127.137314,무단횡단방지펜스
무단횡단방지펜스_성남-02-003_1524,37.439786,127.137145,무단횡단방지펜스
무단횡단방지펜스_성남-02-003_1525,37.440291,127.136921,무단횡단방지펜스
무단횡단방지펜스_성남-02-003_1526,37.440408,127.136864,무단횡단방지펜스
무단횡단방지펜스_성남-02-003_1527,37.440516,127.136816,무단횡단방지펜스
무단횡단방지펜스_성남-02-003_1528,37.440712,127.136729,무단횡단방지펜스
무단횡단방지펜스_성남-02-003_1529,37.440973,127.136792,무단횡단방지펜스
무단횡단방지펜스_성남-02-003_1530,37.440976,127.136605,무단횡단방지펜스
무단횡단방지펜스_성남-02-003_1531,37.441261,127.136665,무단횡단방지펜스
무단횡단방지펜스_성남-02-003_1532,37.441125,127.136538,무단횡단방지펜스
무단횡단방지펜스_성남-02-004_1533,37.443749,127.142501,무단횡단방지펜스
무단횡단방지펜스_성남-02-004_1534,37.443888,127.142673,무단횡단방지펜스
무단횡단방지펜스_성남-02-005_1535,37.442224,127.169231,무단횡단방지펜스
무단횡단방지펜스_성남-02-005_1536,37.442032,127.169772,무단횡단방지펜스
무단횡단방지펜스_성남-02-005_1537,37.441666,127.170782,무단횡단방지펜스
무단횡단방지펜스_성남-02-005_1538,37.441497,127.170754,무단횡단방지펜스
무단횡단방지펜스_성남-02-005_1539,37.441671,127.170274,무단횡단방지펜스
무단횡단방지펜스_성남-02-005_1540,37.441768,127.170006,무단횡단방지펜스
무단횡단방지펜스_성남-02-005_1541,37.441974,127.169424,무단횡단방지펜스
무단횡단방지펜스_성남-02-006_1542,37.443993,127.173491,무단횡단방지펜스
무단횡단방지펜스_성남-02-006_1543,37.444167,127.173431,무단횡단방지펜스
무단횡단방지펜스_성남-02-006_1544,37.444075,127.173056,무단횡단방지펜스
무단횡단방지펜스_성남-02-007_1545,37.439578,127.159166,무단횡단방지펜스
무단횡단방지펜스_성남-02-007_1546,37.439205,127.158716,무단횡단방지펜스
무단횡단방지펜스_성남-02-007_1547,37.439072,127.158602,무단횡단방지펜스
무단횡단방지펜스_성남-02-007_1548,37.438854,127.158452,무단횡단방지펜스
무단횡단방지펜스_성남-02-007_1549,37.439182,127.158944,무단횡단방지펜스
무단횡단방지펜스_성남-02-007_1550,37.438995,127.158786,무단횡단방지펜스
무단횡단방지펜스_성남-02-009_1551,37.346161,127.124498,무단횡단방지펜스
무단횡단방지펜스_성남-02-009_1552,37.345306,127.124335,무단횡단방지펜스
무단횡단방지펜스_성남-02-009_1553,37.345717,127.124262,무단횡단방지펜스
무단횡단방지펜스_성남-02-009_1554,37.346401,127.124133,무단횡단방지펜스
무단횡단방지펜스_성남-02-010_1555,37.390175,127.109444,무단횡단방지펜스
무단횡단방지펜스_성남-02-010_1556,37.389939,127.109219,무단횡단방지펜스
무단횡단방지펜스_성남-02-010_1557,37.389817,127.109166,무단횡단방지펜스
무단횡단방지펜스_성남-02-010_1558,37.390131,127.109031,무단횡단방지펜스
무단횡단방지펜스_성남-02-010_1559,37.389464,127.108899,무단횡단방지펜스
무단횡단방지펜스_성남-02-010_1560,37.389476,127.108594,무단횡단방지펜스
무단횡단방지펜스_성남-02-010_1561,37.389332,127.108508,무단횡단방지펜스
무단횡단방지펜스_성남-02-010_1562,37.389214,127.108451,무단횡단방지펜스
무단횡단방지펜스_성남-02-010_1563,37.389165,127.108429,무단횡단방지펜스
무단횡단방지펜스_성남-02-010_1564,37.389046,127.108406,무단횡단방지펜스
무단횡단방지펜스_성남-02-010_1565,37.388638,127.108428,무단횡단방지펜스
무단횡단방지펜스_성남-02-012_1566,37.452452,127.168554,무단횡단방지펜스
무단횡단방지펜스_성남-02-012_1567,37.452528,127.168575,무단횡단방지펜스
무단횡단방지펜스_성남-02-012_1568,37.452612,127.168547,무단횡단방지펜스
무단횡단방지펜스_성남-03-001_1569,37.407993,127.143615,무단횡단방지펜스
