시군명,사고년도,사고유형구분,다발지식별자,다발지역그룹식별자,법정동코드,위치코드,시도시군구명,사고지역위치명,발생건수,사상자수,사망자수,중상자수,경상자수,부상자수,위도,경도,사고다발지역폴리곤정보,사고심각도
성남시,2022,보행어?,6814056,2023011,4113510500,41135001,경기도 성남시 분당구1,경기도 성남시 분당구 서현동(분당초교 부근),3,3,0,0,1,2,37.37835712788,127.132042070653,"{""type"":""MultiPolygon"",""coordinates"":[[[[127.1338387,37.37835713],[127.13380418,37.3780786],[127.13370194,37.37781078],[127.13353591,37.37756395],[127.13331248,37.3773476],[127.13304023,37.37717004],[127.13272961,37.37703811],[127.13239258,37.37695687],[127.13204207,37.37692943],[127.13169157,37.37695687],[127.13135453,37.37703811],[127.13104392,37.37717004],[127.13077166,37.3773476],[127.13054823,37.37756395],[127.1303822,37.37781078],[127.13027996,37.3780786],[127.13024544,37.37835713],[127.13027996,37.37863565],[127.1303822,37.37890348],[127.13054823,37.3791503],[127.13077166,37.37936664],[127.13104392,37.37954419],[127.13135453,37.37967612],[127.13169157,37.37975736],[127.13204207,37.3797848],[127.13239258,37.37975736],[127.13272961,37.37967612],[127.13304023,37.37954419],[127.13331248,37.37936664],[127.13353591,37.3791503],[127.13370194,37.37890348],[127.13380418,37.37863565],[127.1338387,37.37835713]]]]}",1
성남시,2022,보행어?,6814056,2023011,4113510500,41135001,경기도 성남시 분당구1,경기도 성남시 분당구 서현동(분당초교 부근),3,3,0,0,1,2,37.37835712788,127.132042070653,"{""type"":""MultiPolygon"",""coordinates"":[[[[127.1338387,37.37835713],[127.13380418,37.3780786],[127.13370194,37.37781078],[127.13353591,37.37756395],[127.13331248,37.3773476],[127.13304023,37.37717004],[127.13272961,37.37703811],[127.13239258,37.37695687],[127.13204207,37.37692943],[127.13169157,37.37695687],[127.13135453,37.37703811],[127.13104392,37.37717004],[127.13077166,37.3773476],[127.13054823,37.37756395],[127.1303822,37.37781078],[127.13027996,37.3780786],[127.13024544,37.37835713],[127.13027996,37.37863565],[127.1303822,37.37890348],[127.13054823,37.3791503],[127.13077166,37.37936664],[127.13104392,37.37954419],[127.13135453,37.37967612],[127.13169157,37.37975736],[127.13204207,37.3797848],[127.13239258,37.37975736],[127.13272961,37.37967612],[127.13304023,37.37954419],[127.13331248,37.37936664],[127.13353591,37.3791503],[127.13370194,37.37890348],[127.13380418,37.37863565],[127.1338387,37.37835713]]]]}",1
성남시,2022,보행어?,6814056,2023011,4113510500,41135001,경기도 성남시 분당구1,경기도 성남시 분당구 서현동(분당초교 부근),3,3,0,0,1,2,37.37835712788,127.132042070834,"{""type"":""Polygon"",""coordinates"":[[[127.1338387,37.37835713],[127.13380418,37.3780786],[127.13370194,37.37781078],[127.13353591,37.37756395],[127.13331248,37.3773476],[127.13304023,37.37717004],[127.13272961,37.37703811],[127.13239258,37.37695687],[127.13204207,37.37692943],[127.13169157,37.37695687],[127.13135453,37.37703811],[127.13104392,37.37717004],[127.13077166,37.3773476],[127.13054823,37.37756395],[127.1303822,37.37781078],[127.13027996,37.3780786],[127.13024544,37.37835713],[127.13027996,37.37863565],[127.1303822,37.37890348],[127.13054823,37.3791503],[127.13077166,37.37936664],[127.13104392,37.37954419],[127.13135453,37.37967612],[127.13169157,37.37975736],[127.13204207,37.3797848],[127.13239258,37.37975736],[127.13272961,37.37967612],[127.13304023,37.37954419],[127.13331248,37.37936664],[127.13353591,37.3791503],[127.13370194,37.37890348],[127.13380418,37.37863565],[127.1338387,37.37835713]]]}",1
성남시,2022,보행어?,6814056,2023011,4113510500,41135001,경기도 성남시 분당구1,경기도 성남시 분당구 서현동(분당초교 부근),3,3,0,0,1,2,37.37835712788,127.132042070653,"{""type"":""MultiPolygon"",""coordinates"":[[[[127.1338387,37.37835713],[127.13380418,37.3780786],[127.13370194,37.37781078],[127.13353591,37.37756395],[127.13331248,37.3773476],[127.13304023,37.37717004],[127.13272961,37.37703811],[127.13239258,37.37695687],[127.13204207,37.37692943],[127.13169157,37.37695687],[127.13135453,37.37703811],[127.13104392,37.37717004],[127.13077166,37.3773476],[127.13054823,37.37756395],[127.1303822,37.37781078],[127.13027996,37.3780786],[127.13024544,37.37835713],[127.13027996,37.37863565],[127.1303822,37.37890348],[127.13054823,37.3791503],[127.13077166,37.37936664],[127.13104392,37.37954419],[127.13135453,37.37967612],[127.13169157,37.37975736],[127.13204207,37.3797848],[127.13239258,37.37975736],[127.13272961,37.37967612],[127.13304023,37.37954419],[127.13331248,37.37936664],[127.13353591,37.3791503],[127.13370194,37.37890348],[127.13380418,37.37863565],[127.1338387,37.37835713]]]]}",1
성남시,2022,자전거사고다발지,6813208,2023016,4113510700,41135001,경기도 성남시 분당구1,경기도 성남시 분당구 야탑동(야탑교 부근),4,5,0,2,2,1,37.408182272783,127.124648403212,"{""type"":""Polygon"",""coordinates"":[[[127.12644503,37.40818227],[127.12641051,37.40790386],[127.12630827,37.40763614],[127.12614225,37.40738941],[127.12591881,37.40717314],[127.12564656,37.40699566],[127.12533594,37.40686378],[127.12499891,37.40678257],[127.1246484,37.40675515],[127.1242979,37.40678257],[127.12396086,37.40686378],[127.12365025,37.40699566],[127.12337799,37.40717314],[127.12315456,37.40738941],[127.12298853,37.40763614],[127.12288629,37.40790386],[127.12285177,37.40818227],[127.12288629,37.40846069],[127.12298853,37.4087284],[127.12315456,37.40897513],[127.12337799,37.40919139],[127.12365025,37.40936887],[127.12396086,37.40950074],[127.1242979,37.40958195],[127.1246484,37.40960937],[127.12499891,37.40958195],[127.12533594,37.40950074],[127.12564656,37.40936887],[127.12591881,37.40919139],[127.12614225,37.40897513],[127.12630827,37.4087284],[127.12641051,37.40846069],[127.12644503,37.40818227]]]}",12
성남시,2021,보행노인사고다발지,6780574,2022042,4113510700,41135001,경기도 성남시 분당구1,경기도 성남시 분당구 야탑동(장미사거리 부근),5,5,0,5,0,0,37.413567500641,127.129062594364,"{""type"":""Polygon"",""coordinates"":[[[127.12996091,37.4135675],[127.12994365,37.4134283],[127.12989253,37.41329445],[127.12980952,37.4131711],[127.1296978,37.41306297],[127.12956167,37.41297424],[127.12940636,37.4129083],[127.12923785,37.4128677],[127.12906259,37.41285399],[127.12888734,37.4128677],[127.12871882,37.4129083],[127.12856352,37.41297424],[127.12842739,37.41306297],[127.12831567,37.4131711],[127.12823266,37.41329445],[127.12818154,37.4134283],[127.12816428,37.4135675],[127.12818154,37.4137067],[127.12823266,37.41384055],[127.12831567,37.4139639],[127.12842739,37.41407202],[127.12856352,37.41416076],[127.12871882,37.41422669],[127.12888734,37.41426729],[127.12906259,37.414281],[127.12923785,37.41426729],[127.12940636,37.41422669],[127.12956167,37.41416076],[127.1296978,37.41407202],[127.12980952,37.4139639],[127.12989253,37.41384055],[127.12994365,37.4137067],[127.12996091,37.4135675]]]}",25
성남시,2021,자전거사고다발지,6805960,2022083,4113510500,41135001,경기도 성남시 분당구1,경기도 성남시 분당구 서현동(분당소방서삼거리 부근),6,6,0,3,3,0,37.384198980899,127.116951153674,"{""type"":""Polygon"",""coordinates"":[[[127.11874778,37.38419898],[127.11871326,37.38392048],[127.11861102,37.38365267],[127.118445,37.38340586],[127.11822156,37.38318953],[127.11794931,37.38301199],[127.11763869,37.38288007],[127.11730166,37.38279883],[127.11695115,37.3827714],[127.11660065,37.38279883],[127.11626361,37.38288007],[127.115953,37.38301199],[127.11568074,37.38318953],[127.11545731,37.38340586],[127.11529128,37.38365267],[127.11518904,37.38392048],[127.11515452,37.38419898],[127.11518904,37.38447749],[127.11529128,37.38474529],[127.11545731,37.38499209],[127.11568074,37.38520842],[127.115953,37.38538595],[127.11626361,37.38551787],[127.11660065,37.38559911],[127.11695115,37.38562654],[127.11730166,37.38559911],[127.11763869,37.38551787],[127.11794931,37.38538595],[127.11822156,37.38520842],[127.118445,37.38499209],[127.11861102,37.38474529],[127.11871326,37.38447749],[127.11874778,37.38419898]]]}",18
성남시,2021,자전거사고다발지,6805963,2022083,4113510700,41135002,경기도 성남시 분당구2,경기도 성남시 분당구 야탑동(여수천교 부근),5,5,0,0,4,1,37.414652100115,127.121180746196,"{""type"":""Polygon"",""coordinates"":[[[127.12297738,37.4146521],[127.12294286,37.41437371],[127.12284062,37.41410601],[127.12267459,37.4138593],[127.12245116,37.41364306],[127.1221789,37.41346559],[127.12186829,37.41333372],[127.12153125,37.41325252],[127.12118075,37.4132251],[127.12083024,37.41325252],[127.12049321,37.41333372],[127.12018259,37.41346559],[127.11991034,37.41364306],[127.1196869,37.4138593],[127.11952088,37.41410601],[127.11941864,37.41437371],[127.11938412,37.4146521],[127.11941864,37.41493049],[127.11952088,37.41519818],[127.1196869,37.41544489],[127.11991034,37.41566113],[127.12018259,37.41583859],[127.12049321,37.41597046],[127.12083024,37.41605166],[127.12118075,37.41607908],[127.12153125,37.41605166],[127.12186829,37.41597046],[127.1221789,37.41583859],[127.12245116,37.41566113],[127.12267459,37.41544489],[127.12284062,37.41519818],[127.12294286,37.41493049],[127.12297738,37.4146521]]]}",4
성남시,2021,자전거사고다발지,6805983,2022083,4113510600,41135003,경기도 성남시 분당구3,경기도 성남시 분당구 이매동(이매길어린이공원 부근),4,6,0,0,3,3,37.393504753543,127.123670945559,"{""type"":""Polygon"",""coordinates"":[[[127.12546758,37.39350475],[127.12543305,37.39322628],[127.12533082,37.39295851],[127.12516479,37.39271173],[127.12494136,37.39249543],[127.1246691,37.39231791],[127.12435849,37.392186],[127.12402145,37.39210477],[127.12367095,37.39207735],[127.12332044,37.39210477],[127.1229834,37.392186],[127.12267279,37.39231791],[127.12240054,37.39249543],[127.1221771,37.39271173],[127.12201108,37.39295851],[127.12190884,37.39322628],[127.12187431,37.39350475],[127.12190884,37.39378322],[127.12201108,37.39405099],[127.1221771,37.39429777],[127.12240054,37.39451407],[127.12267279,37.39469158],[127.1229834,37.39482348],[127.12332044,37.39490471],[127.12367095,37.39493213],[127.12402145,37.39490471],[127.12435849,37.39482348],[127.1246691,37.39469158],[127.12494136,37.39451407],[127.12516479,37.39429777],[127.12533082,37.39405099],[127.12543305,37.39378322],[127.12546758,37.39350475]]]}",3
성남시,2020,무단횡단사고다발지,6693440,2021030,4113510500,133341001,경기남부 분당1,경기도 성남시 분당구 서현동(성남대로601 부근),6,6,0,3,3,0,37.384849445247,127.123314260046,"{""type"":""Polygon"",""coordinates"":[[[127.12600921,37.38484945],[127.12595742,37.38443169],[127.12580407,37.38402999],[127.12555503,37.38365977],[127.12521987,37.38333528],[127.12481149,37.38306897],[127.12434557,37.38287108],[127.12384002,37.38274922],[127.12331426,37.38270808],[127.1227885,37.38274922],[127.12228295,37.38287108],[127.12181703,37.38306897],[127.12140865,37.38333528],[127.12107349,37.38365977],[127.12082445,37.38402999],[127.1206711,37.38443169],[127.12061931,37.38484945],[127.1206711,37.3852672],[127.12082445,37.3856689],[127.12107349,37.3860391],[127.12140865,37.38636358],[127.12181703,37.38662988],[127.12228295,37.38682776],[127.1227885,37.38694961],[127.12331426,37.38699075],[127.12384002,37.38694961],[127.12434557,37.38682776],[127.12481149,37.38662988],[127.12521987,37.38636358],[127.12555503,37.3860391],[127.12580407,37.3856689],[127.12595742,37.3852672],[127.12600921,37.38484945]]]}",18
성남시,2020,무단횡단사고다발지,6693439,2021030,4113510700,133341002,경기남부 분당2,경기도 성남시 분당구 야탑동(야탑지구대 부근),5,5,0,2,3,0,37.410235832619,127.127205946698,"{""type"":""Polygon"",""coordinates"":[[[127.12990089,37.41023583],[127.12984911,37.40981822],[127.12969575,37.40941665],[127.12944671,37.40904656],[127.12911156,37.40872218],[127.12870318,37.40845596],[127.12823726,37.40825814],[127.1277317,37.40813632],[127.12720595,37.40809519],[127.12668019,37.40813632],[127.12617464,37.40825814],[127.12570872,37.40845596],[127.12530033,37.40872218],[127.12496518,37.40904656],[127.12471614,37.40941665],[127.12456278,37.40981822],[127.124511,37.41023583],[127.12456278,37.41065344],[127.12471614,37.411055],[127.12496518,37.41142508],[127.12530033,37.41174946],[127.12570872,37.41201567],[127.12617464,37.41221347],[127.12668019,37.41233528],[127.12720595,37.41237641],[127.1277317,37.41233528],[127.12823726,37.41221347],[127.12870318,37.41201567],[127.12911156,37.41174946],[127.12944671,37.41142508],[127.12969575,37.411055],[127.12984911,37.41065344],[127.12990089,37.41023583]]]}",13
성남시,2020,보행노인사고다발지,6682227,2021024,4113510700,41135001,경기도 성남시 분당구1,경기도 성남시 분당구 야탑동(장미사거리 부근),4,4,0,3,1,0,37.413539752958,127.129238005331,"{""type"":""Polygon"",""coordinates"":[[[127.13103464,37.41353975],[127.13100011,37.41326136],[127.13089788,37.41299366],[127.13073185,37.41274694],[127.13050841,37.4125307],[127.13023616,37.41235323],[127.12992555,37.41222135],[127.12958851,37.41214015],[127.12923801,37.41211273],[127.1288875,37.41214015],[127.12855046,37.41222135],[127.12823985,37.41235323],[127.1279676,37.4125307],[127.12774416,37.41274694],[127.12757814,37.41299366],[127.1274759,37.41326136],[127.12744137,37.41353975],[127.1274759,37.41381815],[127.12757814,37.41408584],[127.12774416,37.41433255],[127.1279676,37.4145488],[127.12823985,37.41472626],[127.12855046,37.41485813],[127.1288875,37.41493933],[127.12923801,37.41496675],[127.12958851,37.41493933],[127.12992555,37.41485813],[127.13023616,37.41472626],[127.13050841,37.4145488],[127.13073185,37.41433255],[127.13089788,37.41408584],[127.13100011,37.41381815],[127.13103464,37.41353975]]]}",16
성남시,2019,무단횡단사고다발지,6635675,2020055,4113510700,133341003,경기남부 분당3,경기도 성남시 분당구 야탑동(야탑로69번길246 부근),3,3,1,0,2,0,37.412133519947,127.127418775757,"{""type"":""Polygon"",""coordinates"":[[[127.13011372,37.41213352],[127.13006194,37.41171592],[127.12990858,37.41131436],[127.12965954,37.41094428],[127.12932439,37.4106199],[127.12891601,37.41035369],[127.12845009,37.41015588],[127.12794453,37.41003406],[127.12741878,37.40999293],[127.12689302,37.41003406],[127.12638746,37.41015588],[127.12592154,37.41035369],[127.12551316,37.4106199],[127.12517801,37.41094428],[127.12492897,37.41131436],[127.12477561,37.41171592],[127.12472383,37.41213352],[127.12477561,37.41255112],[127.12492897,37.41295267],[127.12517801,37.41332274],[127.12551316,37.41364711],[127.12592154,37.41391331],[127.12638746,37.41411111],[127.12689302,37.41423292],[127.12741878,37.41427405],[127.12794453,37.41423292],[127.12845009,37.41411111],[127.12891601,37.41391331],[127.12932439,37.41364711],[127.12965954,37.41332274],[127.12990858,37.41295267],[127.13006194,37.41255112],[127.13011372,37.41213352]]]}",12
성남시,2019,무단횡단사고다발지,6635537,2020055,4113510500,133341001,경기남부 분당1,경기도 성남시 분당구 서현동(서현로210번길14 부근),7,11,0,4,4,3,37.385780596998,127.125000271247,"{""type"":""Polygon"",""coordinates"":[[[127.12769522,37.3857806],[127.12764343,37.38536285],[127.12749008,37.38496115],[127.12724104,37.38459094],[127.12690589,37.38426645],[127.1264975,37.38400014],[127.12603158,37.38380226],[127.12552603,37.3836804],[127.12500027,37.38363926],[127.12447451,37.3836804],[127.12396896,37.38380226],[127.12350304,37.38400014],[127.12309466,37.38426645],[127.12275951,37.38459094],[127.12251047,37.38496115],[127.12235711,37.38536285],[127.12230533,37.3857806],[127.12235711,37.38619834],[127.12251047,37.38660004],[127.12275951,37.38697024],[127.12309466,37.38729472],[127.12350304,37.38756101],[127.12396896,37.38775888],[127.12447451,37.38788073],[127.12500027,37.38792188],[127.12552603,37.38788073],[127.12603158,37.38775888],[127.1264975,37.38756101],[127.12690589,37.38729472],[127.12724104,37.38697024],[127.12749008,37.38660004],[127.12764343,37.38619834],[127.12769522,37.3857806]]]}",24
성남시,2019,무단횡단사고다발지,6635536,2020055,4113510300,133341002,경기남부 분당2,경기도 성남시 분당구 정자동(성남대로343번길14 부근),5,5,0,1,4,0,37.367200688062,127.105850366602,"{""type"":""Polygon"",""coordinates"":[[[127.10854531,37.36720069],[127.10849353,37.36678283],[127.10834017,37.36638104],[127.10809113,37.36601074],[127.10775598,37.36568616],[127.1073476,37.36541979],[127.10688168,37.36522186],[127.10637612,37.36509997],[127.10585037,37.36505882],[127.10532461,37.36509997],[127.10481906,37.36522186],[127.10435313,37.36541979],[127.10394475,37.36568616],[127.1036096,37.36601074],[127.10336056,37.36638104],[127.1032072,37.36678283],[127.10315542,37.36720069],[127.1032072,37.36761854],[127.10336056,37.36802033],[127.1036096,37.36839062],[127.10394475,37.36871518],[127.10435313,37.36898154],[127.10481906,37.36917947],[127.10532461,37.36930134],[127.10585037,37.3693425],[127.10637612,37.36930134],[127.10688168,37.36917947],[127.1073476,37.36898154],[127.10775598,37.36871518],[127.10809113,37.36839062],[127.10834017,37.36802033],[127.10849353,37.36761854],[127.10854531,37.36720069]]]}",9
성남시,2019,보행노인사고다발지,6614069,2020027,4113511100,41135001,경기도 성남시 분당구1,경기도 성남시 분당구 금곡동(미금역사거리 부근),7,7,0,3,3,1,37.349979632255,127.109203124626,"{""type"":""Polygon"",""coordinates"":[[[127.11099976,37.34997963],[127.11096523,37.349701],[127.11086299,37.34943307],[127.11069697,37.34918615],[127.11047353,37.34896972],[127.11020128,37.3487921],[127.10989067,37.34866012],[127.10955363,37.34857884],[127.10920312,37.3485514],[127.10885262,37.34857884],[127.10851558,37.34866012],[127.10820497,37.3487921],[127.10793271,37.34896972],[127.10770928,37.34918615],[127.10754325,37.34943307],[127.10744102,37.349701],[127.10740649,37.34997963],[127.10744102,37.35025826],[127.10754325,37.35052619],[127.10770928,37.35077311],[127.10793271,37.35098953],[127.10820497,37.35116715],[127.10851558,37.35129913],[127.10885262,37.3513804],[127.10920312,37.35140784],[127.10955363,37.3513804],[127.10989067,37.35129913],[127.11020128,37.35116715],[127.11047353,37.35098953],[127.11069697,37.35077311],[127.11086299,37.35052619],[127.11096523,37.35025826],[127.11099976,37.34997963]]]}",18
성남시,2019,보행노인사고다발지,6614070,2020027,4113510500,41135002,경기도 성남시 분당구2,경기도 성남시 분당구 서현동(중앙공원로39번길49 부근),3,4,0,2,2,0,37.383073747356,127.124530259465,"{""type"":""Polygon"",""coordinates"":[[[127.12632689,37.38307375],[127.12629237,37.38279524],[127.12619013,37.38252743],[127.1260241,37.38228062],[127.12580067,37.38206428],[127.12552841,37.38188674],[127.1252178,37.38175481],[127.12488076,37.38167357],[127.12453026,37.38164614],[127.12417975,37.38167357],[127.12384272,37.38175481],[127.12353211,37.38188674],[127.12325985,37.38206428],[127.12303642,37.38228062],[127.12287039,37.38252743],[127.12276815,37.38279524],[127.12273363,37.38307375],[127.12276815,37.38335226],[127.12287039,37.38362006],[127.12303642,37.38386687],[127.12325985,37.3840832],[127.12353211,37.38426074],[127.12384272,37.38439266],[127.12417975,37.3844739],[127.12453026,37.38450133],[127.12488076,37.3844739],[127.1252178,37.38439266],[127.12552841,37.38426074],[127.12580067,37.3840832],[127.1260241,37.38386687],[127.12619013,37.38362006],[127.12629237,37.38335226],[127.12632689,37.38307375]]]}",12
성남시,2019,자전거사고다발지,6617747,2020037,4113510600,41135001,경기도 성남시 분당구1,경기도 성남시 분당구 이매동(하탑사거리 부근),4,5,0,2,3,0,37.40546221501,127.128164722925,"{""type"":""Polygon"",""coordinates"":[[[127.12996135,37.40546222],[127.12992683,37.40518379],[127.12982459,37.40491606],[127.12965857,37.40466932],[127.12943513,37.40445305],[127.12916288,37.40427556],[127.12885226,37.40414367],[127.12851523,37.40406246],[127.12816472,37.40403504],[127.12781422,37.40406246],[127.12747718,37.40414367],[127.12716657,37.40427556],[127.12689431,37.40445305],[127.12667088,37.40466932],[127.12650485,37.40491606],[127.12640261,37.40518379],[127.12636809,37.40546222],[127.12640261,37.40574064],[127.12650485,37.40600837],[127.12667088,37.4062551],[127.12689431,37.40647137],[127.12716657,37.40664885],[127.12747718,37.40678073],[127.12781422,37.40686194],[127.12816472,37.40688937],[127.12851523,37.40686194],[127.12885226,37.40678073],[127.12916288,37.40664885],[127.12943513,37.40647137],[127.12965857,37.4062551],[127.12982459,37.40600837],[127.12992683,37.40574064],[127.12996135,37.40546222]]]}",13
성남시,2018,무단횡단사고다발지,6545944,2019066,4113510700,133341001,경기 분당1,경기도 성남시 분당구 야탑동(NC백화점 야탑점 부근),4,4,0,2,2,0,37.410356827407,127.128269183677,"{""type"":""Polygon"",""coordinates"":[[[127.13096413,37.41035683],[127.13091235,37.40993921],[127.13075899,37.40953765],[127.13050995,37.40916756],[127.1301748,37.40884317],[127.12976642,37.40857696],[127.12930049,37.40837914],[127.12879494,37.40825732],[127.12826918,37.40821619],[127.12774343,37.40825732],[127.12723787,37.40837914],[127.12677195,37.40857696],[127.12636357,37.40884317],[127.12602842,37.40916756],[127.12577938,37.40953765],[127.12562602,37.40993921],[127.12557424,37.41035683],[127.12562602,37.41077444],[127.12577938,37.411176],[127.12602842,37.41154608],[127.12636357,37.41187045],[127.12677195,37.41213666],[127.12723787,37.41233447],[127.12774343,37.41245628],[127.12826918,37.41249741],[127.12879494,37.41245628],[127.12930049,37.41233447],[127.12976642,37.41213666],[127.1301748,37.41187045],[127.13050995,37.41154608],[127.13075899,37.411176],[127.13091235,37.41077444],[127.13096413,37.41035683]]]}",12
성남시,2018,보행노인사고다발지,6511994,2019036,4113510700,41135003,경기도 성남시 분당구3,경기도 성남시 분당구 야탑동(야탑지구대 부근),5,5,0,3,1,1,37.410160362412,127.127124512188,"{""type"":""Polygon"",""coordinates"":[[[127.12892114,37.41016036],[127.12888662,37.40988195],[127.12878438,37.40961424],[127.12861836,37.40936752],[127.12839492,37.40915126],[127.12812267,37.40897378],[127.12781205,37.4088419],[127.12747502,37.40876069],[127.12712451,37.40873327],[127.12677401,37.40876069],[127.12643697,37.4088419],[127.12612636,37.40897378],[127.1258541,37.40915126],[127.12563067,37.40936752],[127.12546464,37.40961424],[127.1253624,37.40988195],[127.12532788,37.41016036],[127.1253624,37.41043877],[127.12546464,37.41070648],[127.12563067,37.4109532],[127.1258541,37.41116945],[127.12612636,37.41134692],[127.12643697,37.4114788],[127.12677401,37.41156],[127.12712451,37.41158742],[127.12747502,37.41156],[127.12781205,37.4114788],[127.12812267,37.41134692],[127.12839492,37.41116945],[127.12861836,37.4109532],[127.12878438,37.41070648],[127.12888662,37.41043877],[127.12892114,37.41016036]]]}",16
성남시,2018,보행노인사고다발지,6506576,2019036,4113510500,41135002,경기도 성남시 분당구2,경기도 성남시 분당구 서현동(시범단지한양아파트후문 부근),6,6,0,3,3,0,37.383249813929,127.124535502512,"{""type"":""Polygon"",""coordinates"":[[[127.12633213,37.38324981],[127.12629761,37.3829713],[127.12619537,37.3827035],[127.12602935,37.38245668],[127.12580591,37.38224035],[127.12553366,37.38206281],[127.12522304,37.38193088],[127.12488601,37.38184964],[127.1245355,37.38182221],[127.124185,37.38184964],[127.12384796,37.38193088],[127.12353735,37.38206281],[127.12326509,37.38224035],[127.12304166,37.38245668],[127.12287563,37.3827035],[127.12277339,37.3829713],[127.12273887,37.38324981],[127.12277339,37.38352832],[127.12287563,37.38379613],[127.12304166,37.38404294],[127.12326509,37.38425926],[127.12353735,37.3844368],[127.12384796,37.38456872],[127.124185,37.38464996],[127.1245355,37.38467739],[127.12488601,37.38464996],[127.12522304,37.38456872],[127.12553366,37.3844368],[127.12580591,37.38425926],[127.12602935,37.38404294],[127.12619537,37.38379613],[127.12629761,37.38352832],[127.12633213,37.38324981]]]}",18
성남시,2018,보행노인사고다발지,6511993,2019036,4113511400,41135001,경기도 성남시 분당구1,경기도 성남시 분당구 구미동(미금역사거리 부근),8,10,0,5,5,0,37.350088814448,127.108522375608,"{""type"":""Polygon"",""coordinates"":[[[127.11031901,37.35008881],[127.11028448,37.34981018],[127.11018225,37.34954226],[127.11001622,37.34929533],[127.10979279,37.3490789],[127.10952053,37.34890128],[127.10920992,37.3487693],[127.10887288,37.34868802],[127.10852238,37.34866058],[127.10817187,37.34868802],[127.10783483,37.3487693],[127.10752422,37.34890128],[127.10725197,37.3490789],[127.10702853,37.34929533],[127.10686251,37.34954226],[127.10676027,37.34981018],[127.10672575,37.35008881],[127.10676027,37.35036745],[127.10686251,37.35063537],[127.10702853,37.35088229],[127.10725197,37.35109871],[127.10752422,37.35127633],[127.10783483,37.35140831],[127.10817187,37.35148958],[127.10852238,37.35151702],[127.10887288,37.35148958],[127.10920992,37.35140831],[127.10952053,37.35127633],[127.10979279,37.35109871],[127.11001622,37.35088229],[127.11018225,37.35063537],[127.11028448,37.35036745],[127.11031901,37.35008881]]]}",30
성남시,2018,자전거사고다발지,6519043,2019038,4113510200,41135001,경기도 성남시 분당구1,경기도 성남시 분당구 수내동(양지마을청구2단지아파트정문 부근),7,7,0,1,6,0,37.375840288799,127.121855227838,"{""type"":""Polygon"",""coordinates"":[[[127.12365186,37.37584029],[127.12361734,37.37556175],[127.1235151,37.37529392],[127.12334907,37.37504708],[127.12312564,37.37483072],[127.12285338,37.37465317],[127.12254277,37.37452123],[127.12220573,37.37443998],[127.12185523,37.37441255],[127.12150472,37.37443998],[127.12116769,37.37452123],[127.12085707,37.37465317],[127.12058482,37.37483072],[127.12036138,37.37504708],[127.12019536,37.37529392],[127.12009312,37.37556175],[127.1200586,37.37584029],[127.12009312,37.37611882],[127.12019536,37.37638666],[127.12036138,37.37663349],[127.12058482,37.37684984],[127.12085707,37.37702739],[127.12116769,37.37715933],[127.12150472,37.37724057],[127.12185523,37.377268],[127.12220573,37.37724057],[127.12254277,37.37715933],[127.12285338,37.37702739],[127.12312564,37.37684984],[127.12334907,37.37663349],[127.1235151,37.37638666],[127.12361734,37.37611882],[127.12365186,37.37584029]]]}",11
성남시,2017,보행노인사고다발지,6401911,2018029,4113510700,41135001,경기도 성남시 분당구1,경기도 성남시 분당구 야탑동(야탑역 부근),4,4,1,3,0,0,37.411385986375,127.12880567964,"{""type"":""Polygon"",""coordinates"":[[[127.13060231,37.41138599],[127.13056779,37.41110758],[127.13046555,37.41083987],[127.13029952,37.41059315],[127.13007609,37.4103769],[127.12980383,37.41019943],[127.12949322,37.41006755],[127.12915618,37.40998634],[127.12880568,37.40995892],[127.12845517,37.40998634],[127.12811814,37.41006755],[127.12780753,37.41019943],[127.12753527,37.4103769],[127.12731184,37.41059315],[127.12714581,37.41083987],[127.12704357,37.41110758],[127.12700905,37.41138599],[127.12704357,37.41166439],[127.12714581,37.41193209],[127.12731184,37.41217881],[127.12753527,37.41239506],[127.12780753,37.41257253],[127.12811814,37.4127044],[127.12845517,37.41278561],[127.12880568,37.41281303],[127.12915618,37.41278561],[127.12949322,37.4127044],[127.12980383,37.41257253],[127.13007609,37.41239506],[127.13029952,37.41217881],[127.13046555,37.41193209],[127.13056779,37.41166439],[127.13060231,37.41138599]]]}",25
성남시,2017,보행노인사고다발지,6397458,2018029,4113510300,41135002,경기도 성남시 분당구2,경기도 성남시 분당구 정자동(청솔종합사회복지관 부근),4,4,0,2,2,0,37.353307394522,127.111044713144,"{""type"":""Polygon"",""coordinates"":[[[127.11284134,37.35330739],[127.11280682,37.35302877],[127.11270458,37.35276086],[127.11253856,37.35251395],[127.11231512,37.35229753],[127.11204287,37.35211991],[127.11173225,37.35198794],[127.11139522,37.35190666],[127.11104471,37.35187922],[127.11069421,37.35190666],[127.11035717,37.35198794],[127.11004656,37.35211991],[127.1097743,37.35229753],[127.10955087,37.35251395],[127.10938484,37.35276086],[127.1092826,37.35302877],[127.10924808,37.35330739],[127.1092826,37.35358601],[127.10938484,37.35385393],[127.10955087,37.35410083],[127.1097743,37.35431725],[127.11004656,37.35449486],[127.11035717,37.35462683],[127.11069421,37.3547081],[127.11104471,37.35473554],[127.11139522,37.3547081],[127.11173225,37.35462683],[127.11204287,37.35449486],[127.11231512,37.35431725],[127.11253856,37.35410083],[127.11270458,37.35385393],[127.11280682,37.35358601],[127.11284134,37.35330739]]]}",12
성남시,2017,보행노인사고다발지,6401912,2018029,4113510500,41135003,경기도 성남시 분당구3,경기도 성남시 분당구 서현동(돌마지하차도 부근),4,4,0,1,0,3,37.377106065693,127.132426469807,"{""type"":""Polygon"",""coordinates"":[[[127.1342231,37.37710607],[127.13418858,37.37682753],[127.13408634,37.3765597],[127.13392031,37.37631287],[127.13369688,37.37609652],[127.13342462,37.37591896],[127.13311401,37.37578703],[127.13277698,37.37570578],[127.13242647,37.37567835],[127.13207596,37.37570578],[127.13173893,37.37578703],[127.13142832,37.37591896],[127.13115606,37.37609652],[127.13093263,37.37631287],[127.1307666,37.3765597],[127.13066436,37.37682753],[127.13062984,37.37710607],[127.13066436,37.3773846],[127.1307666,37.37765242],[127.13093263,37.37789925],[127.13115606,37.3781156],[127.13142832,37.37829315],[127.13173893,37.37842508],[127.13207596,37.37850633],[127.13242647,37.37853376],[127.13277698,37.37850633],[127.13311401,37.37842508],[127.13342462,37.37829315],[127.13369688,37.3781156],[127.13392031,37.37789925],[127.13408634,37.37765242],[127.13418858,37.3773846],[127.1342231,37.37710607]]]}",5
성남시,2017,보행노인사고다발지,6401913,2018029,4113510700,41135004,경기도 성남시 분당구4,경기도 성남시 분당구 야탑동(중탑삼거리 부근),3,3,1,2,0,0,37.414714591306,127.138654668879,"{""type"":""Polygon"",""coordinates"":[[[127.1404513,37.41471459],[127.14041678,37.4144362],[127.14031454,37.4141685],[127.14014851,37.41392179],[127.13992508,37.41370555],[127.13965282,37.41352808],[127.13934221,37.41339621],[127.13900517,37.41331501],[127.13865467,37.41328759],[127.13830416,37.41331501],[127.13796713,37.41339621],[127.13765651,37.41352808],[127.13738426,37.41370555],[127.13716083,37.41392179],[127.1369948,37.4141685],[127.13689256,37.4144362],[127.13685804,37.41471459],[127.13689256,37.41499298],[127.1369948,37.41526067],[127.13716083,37.41550738],[127.13738426,37.41572362],[127.13765651,37.41590108],[127.13796713,37.41603295],[127.13830416,37.41611415],[127.13865467,37.41614157],[127.13900517,37.41611415],[127.13934221,37.41603295],[127.13965282,37.41590108],[127.13992508,37.41572362],[127.14014851,37.41550738],[127.14031454,37.41526067],[127.14041678,37.41499298],[127.1404513,37.41471459]]]}",20
성남시,2017,보행노인사고다발지,6401914,2018029,4113510500,41135005,경기도 성남시 분당구5,경기도 성남시 분당구 서현동(스타벅스서현미래에셋점 부근),3,3,0,2,1,0,37.388730569361,127.123382738923,"{""type"":""Polygon"",""coordinates"":[[[127.12517937,37.38873057],[127.12514485,37.38845208],[127.12504261,37.38818429],[127.12487658,37.3879375],[127.12465315,37.38772118],[127.12438089,37.38754365],[127.12407028,37.38741173],[127.12373324,37.3873305],[127.12338274,37.38730307],[127.12303223,37.3873305],[127.1226952,37.38741173],[127.12238458,37.38754365],[127.12211233,37.38772118],[127.1218889,37.3879375],[127.12172287,37.38818429],[127.12162063,37.38845208],[127.12158611,37.38873057],[127.12162063,37.38900906],[127.12172287,37.38927684],[127.1218889,37.38952363],[127.12211233,37.38973995],[127.12238458,37.38991747],[127.1226952,37.39004938],[127.12303223,37.39013061],[127.12338274,37.39015804],[127.12373324,37.39013061],[127.12407028,37.39004938],[127.12438089,37.38991747],[127.12465315,37.38973995],[127.12487658,37.38952363],[127.12504261,37.38927684],[127.12514485,37.38900906],[127.12517937,37.38873057]]]}",11
성남시,2017,보행어린이사고다발지,6395828,2018028,4113510500,41135001,경기도 성남시 분당구1,경기도 성남시 분당구 서현동(서현초교 부근),3,3,0,3,0,0,37.381609178022,127.128390428477,"{""type"":""Polygon"",""coordinates"":[[[127.13018706,37.38160918],[127.13015254,37.38133066],[127.1300503,37.38106285],[127.12988427,37.38081603],[127.12966084,37.38059969],[127.12938858,37.38042215],[127.12907797,37.38029022],[127.12874093,37.38020898],[127.12839043,37.38018154],[127.12803992,37.38020898],[127.12770289,37.38029022],[127.12739227,37.38042215],[127.12712002,37.38059969],[127.12689658,37.38081603],[127.12673056,37.38106285],[127.12662832,37.38133066],[127.1265938,37.38160918],[127.12662832,37.38188769],[127.12673056,37.3821555],[127.12689658,37.38240232],[127.12712002,37.38261865],[127.12739227,37.38279619],[127.12770289,37.38292812],[127.12803992,37.38300935],[127.12839043,37.38303678],[127.12874093,37.38300935],[127.12907797,37.38292812],[127.12938858,37.38279619],[127.12966084,37.38261865],[127.12988427,37.38240232],[127.1300503,37.3821555],[127.13015254,37.38188769],[127.13018706,37.38160918]]]}",15
성남시,2016,보행노인사고다발지,6250229,2017029,4113510700,41135001,경기도 성남시 분당구1,경기도 성남시 분당구 야탑동(바른세상병원 부근),4,4,0,4,0,0,37.410399011906,127.126876381141,"{""type"":""Polygon"",""coordinates"":[[[127.12867301,37.41039901],[127.12863849,37.4101206],[127.12853625,37.40985289],[127.12837022,37.40960617],[127.12814679,37.40938991],[127.12787454,37.40921244],[127.12756392,37.40908056],[127.12722689,37.40899935],[127.12687638,37.40897193],[127.12652588,37.40899935],[127.12618884,37.40908056],[127.12587823,37.40921244],[127.12560597,37.40938991],[127.12538254,37.40960617],[127.12521651,37.40985289],[127.12511427,37.4101206],[127.12507975,37.41039901],[127.12511427,37.41067742],[127.12521651,37.41094513],[127.12538254,37.41119185],[127.12560597,37.4114081],[127.12587823,37.41158557],[127.12618884,37.41171744],[127.12652588,37.41179865],[127.12687638,37.41182607],[127.12722689,37.41179865],[127.12756392,37.41171744],[127.12787454,37.41158557],[127.12814679,37.4114081],[127.12837022,37.41119185],[127.12853625,37.41094513],[127.12863849,37.41067742],[127.12867301,37.41039901]]]}",20
성남시,2016,자전거사고다발지,6302634,2017050,4113510300,41135001,경기도 성남시 분당구1,경기도 성남시 분당구 정자동(프뢰벨(분당교육원) 부근),4,4,0,0,3,1,37.365504136807,127.105911120303,"{""type"":""Polygon"",""coordinates"":[[[127.10770775,37.36550414],[127.10767323,37.36522556],[127.10757099,37.36495769],[127.10740496,37.36471082],[127.10718153,37.36449443],[127.10690927,37.36431685],[127.10659866,37.36418489],[127.10626163,37.36410363],[127.10591112,37.3640762],[127.10556062,37.36410363],[127.10522358,37.36418489],[127.10491297,37.36431685],[127.10464071,37.36449443],[127.10441728,37.36471082],[127.10425125,37.36495769],[127.10414901,37.36522556],[127.10411449,37.36550414],[127.10414901,37.36578271],[127.10425125,37.36605058],[127.10441728,37.36629745],[127.10464071,37.36651383],[127.10491297,37.3666914],[127.10522358,37.36682336],[127.10556062,37.36690461],[127.10591112,37.36693205],[127.10626163,37.36690461],[127.10659866,37.36682336],[127.10690927,37.3666914],[127.10718153,37.36651383],[127.10740496,37.36629745],[127.10757099,37.36605058],[127.10767323,37.36578271],[127.10770775,37.36550414]]]}",3
성남시,2015,보행노인사고다발지,6222855,2016146,4113510700,41135001,경기도 성남시 분당구1,경기도 성남시 분당구 야탑동(홈케어굿모닝약국 부근),5,5,0,3,1,1,37.409830122363,127.126117132101,"{""type"":""Polygon"",""coordinates"":[[[127.12791376,37.40983012],[127.12787924,37.40955171],[127.127777,37.409284],[127.12761098,37.40903727],[127.12738754,37.40882102],[127.12711529,37.40864354],[127.12680467,37.40851166],[127.12646764,37.40843045],[127.12611713,37.40840303],[127.12576663,37.40843045],[127.12542959,37.40851166],[127.12511898,37.40864354],[127.12484672,37.40882102],[127.12462329,37.40903727],[127.12445726,37.409284],[127.12435502,37.40955171],[127.1243205,37.40983012],[127.12435502,37.41010853],[127.12445726,37.41037624],[127.12462329,37.41062296],[127.12484672,37.41083922],[127.12511898,37.41101669],[127.12542959,37.41114856],[127.12576663,37.41122977],[127.12611713,37.41125719],[127.12646764,37.41122977],[127.12680467,37.41114856],[127.12711529,37.41101669],[127.12738754,37.41083922],[127.12761098,37.41062296],[127.127777,37.41037624],[127.12787924,37.41010853],[127.12791376,37.40983012]]]}",16
성남시,2015,보행노인사고다발지,6222689,2016146,4113510300,41135002,경기도 성남시 분당구2,경기도 성남시 분당구 정자동(불정사거리 부근),4,5,0,4,0,1,37.357981961699,127.119201863576,"{""type"":""Polygon"",""coordinates"":[[[127.12099849,37.35798196],[127.12096397,37.35770336],[127.12086173,37.35743546],[127.12069571,37.35718856],[127.12047227,37.35697216],[127.12020002,37.35679456],[127.1198894,37.35666259],[127.11955237,37.35658132],[127.11920186,37.35655388],[127.11885136,37.35658132],[127.11851432,37.35666259],[127.11820371,37.35679456],[127.11793145,37.35697216],[127.11770802,37.35718856],[127.11754199,37.35743546],[127.11743975,37.35770336],[127.11740523,37.35798196],[127.11743975,37.35826056],[127.11754199,37.35852846],[127.11770802,37.35877535],[127.11793145,37.35899175],[127.11820371,37.35916935],[127.11851432,37.35930131],[127.11885136,37.35938258],[127.11920186,37.35941002],[127.11955237,37.35938258],[127.1198894,37.35930131],[127.12020002,37.35916935],[127.12047227,37.35899175],[127.12069571,37.35877535],[127.12086173,37.35852846],[127.12096397,37.35826056],[127.12099849,37.35798196]]]}",20
성남시,2015,보행노인사고다발지,6222579,2016146,4113510500,41135003,경기도 성남시 분당구3,경기도 성남시 분당구 서현동((주)건축사무소도시건축 부근),4,4,0,2,2,0,37.387858581309,127.122558217988,"{""type"":""Polygon"",""coordinates"":[[[127.12435485,37.38785858],[127.12432033,37.38758009],[127.12421809,37.3873123],[127.12405206,37.3870655],[127.12382863,37.38684918],[127.12355637,37.38667165],[127.12324576,37.38653973],[127.12290872,37.3864585],[127.12255822,37.38643107],[127.12220771,37.3864585],[127.12187068,37.38653973],[127.12156006,37.38667165],[127.12128781,37.38684918],[127.12106437,37.3870655],[127.12089835,37.3873123],[127.12079611,37.38758009],[127.12076159,37.38785858],[127.12079611,37.38813707],[127.12089835,37.38840486],[127.12106437,37.38865165],[127.12128781,37.38886797],[127.12156006,37.3890455],[127.12187068,37.38917741],[127.12220771,37.38925864],[127.12255822,37.38928607],[127.12290872,37.38925864],[127.12324576,37.38917741],[127.12355637,37.3890455],[127.12382863,37.38886797],[127.12405206,37.38865165],[127.12421809,37.38840486],[127.12432033,37.38813707],[127.12435485,37.38785858]]]}",12
성남시,2015,보행노인사고다발지,6222514,2016146,4113511400,41135004,경기도 성남시 분당구4,경기도 성남시 분당구 구미동(놀부보쌈(분당구미점) 부근),3,3,0,3,0,0,37.336622922811,127.116617152661,"{""type"":""Polygon"",""coordinates"":[[[127.11841378,37.33662292],[127.11837926,37.33634424],[127.11827702,37.33607627],[127.118111,37.3358293],[127.11788756,37.33561283],[127.11761531,37.33543518],[127.11730469,37.33530317],[127.11696766,37.33522188],[127.11661715,37.33519443],[127.11626665,37.33522188],[127.11592961,37.33530317],[127.115619,37.33543518],[127.11534674,37.33561283],[127.11512331,37.3358293],[127.11495728,37.33607627],[127.11485504,37.33634424],[127.11482052,37.33662292],[127.11485504,37.3369016],[127.11495728,37.33716957],[127.11512331,37.33741654],[127.11534674,37.337633],[127.115619,37.33781065],[127.11592961,37.33794265],[127.11626665,37.33802394],[127.11661715,37.33805138],[127.11696766,37.33802394],[127.11730469,37.33794265],[127.11761531,37.33781065],[127.11788756,37.337633],[127.118111,37.33741654],[127.11827702,37.33716957],[127.11837926,37.3369016],[127.11841378,37.33662292]]]}",15
성남시,2015,보행노인사고다발지,6222786,2016146,4113510200,41135005,경기도 성남시 분당구5,경기도 성남시 분당구 수내동(정상제이엘에스 (영재관) 부근),3,3,0,2,1,0,37.376748834292,127.115486826257,"{""type"":""Polygon"",""coordinates"":[[[127.11728346,37.37674883],[127.11724894,37.3764703],[127.1171467,37.37620247],[127.11698067,37.37595564],[127.11675724,37.37573928],[127.11648498,37.37556173],[127.11617437,37.37542979],[127.11583733,37.37534854],[127.11548683,37.37532111],[127.11513632,37.37534854],[127.11479929,37.37542979],[127.11448867,37.37556173],[127.11421642,37.37573928],[127.11399298,37.37595564],[127.11382696,37.37620247],[127.11372472,37.3764703],[127.1136902,37.37674883],[127.11372472,37.37702737],[127.11382696,37.37729519],[127.11399298,37.37754202],[127.11421642,37.37775837],[127.11448867,37.37793592],[127.11479929,37.37806786],[127.11513632,37.3781491],[127.11548683,37.37817653],[127.11583733,37.3781491],[127.11617437,37.37806786],[127.11648498,37.37793592],[127.11675724,37.37775837],[127.11698067,37.37754202],[127.1171467,37.37729519],[127.11724894,37.37702737],[127.11728346,37.37674883]]]}",11
성남시,2015,보행노인사고다발지,6222791,2016146,4113511400,41135006,경기도 성남시 분당구6,경기도 성남시 분당구 구미동(청솔마을 부근),3,3,0,2,1,0,37.352147055943,127.109052159031,"{""type"":""Polygon"",""coordinates"":[[[127.11084879,37.35214706],[127.11081427,37.35186843],[127.11071203,37.35160051],[127.110546,37.3513536],[127.11032257,37.35113717],[127.11005031,37.35095956],[127.1097397,37.35082758],[127.10940266,37.3507463],[127.10905216,37.35071886],[127.10870165,37.3507463],[127.10836462,37.35082758],[127.108054,37.35095956],[127.10778175,37.35113717],[127.10755832,37.3513536],[127.10739229,37.35160051],[127.10729005,37.35186843],[127.10725553,37.35214706],[127.10729005,37.35242568],[127.10739229,37.35269359],[127.10755832,37.35294051],[127.10778175,37.35315693],[127.108054,37.35333454],[127.10836462,37.35346651],[127.10870165,37.35354778],[127.10905216,37.35357522],[127.10940266,37.35354778],[127.1097397,37.35346651],[127.11005031,37.35333454],[127.11032257,37.35315693],[127.110546,37.35294051],[127.11071203,37.35269359],[127.11081427,37.35242568],[127.11084879,37.35214706]]]}",11
성남시,2015,자전거사고다발지,6223535,2016147,4113510900,41135002,경기도 성남시 분당구2,경기도 성남시 분당구 삼평동(안말사거리 부근),5,5,0,2,3,0,37.396313866892,127.125319872315,"{""type"":""Polygon"",""coordinates"":[[[127.1271165,37.39631387],[127.12708198,37.39603541],[127.12697974,37.39576765],[127.12681372,37.39552088],[127.12659028,37.39530458],[127.12631803,37.39512707],[127.12600741,37.39499517],[127.12567038,37.39491394],[127.12531987,37.39488651],[127.12496937,37.39491394],[127.12463233,37.39499517],[127.12432172,37.39512707],[127.12404946,37.39530458],[127.12382603,37.39552088],[127.12366,37.39576765],[127.12355776,37.39603541],[127.12352324,37.39631387],[127.12355776,37.39659233],[127.12366,37.39686008],[127.12382603,37.39710685],[127.12404946,37.39732314],[127.12432172,37.39750065],[127.12463233,37.39763255],[127.12496937,37.39771377],[127.12531987,37.39774119],[127.12567038,37.39771377],[127.12600741,37.39763255],[127.12631803,37.39750065],[127.12659028,37.39732314],[127.12681372,37.39710685],[127.12697974,37.39686008],[127.12708198,37.39659233],[127.1271165,37.39631387]]]}",13
성남시,2015,자전거사고다발지,6223461,2016147,4113510900,41135001,경기도 성남시 분당구1,경기도 성남시 분당구 삼평동(삼평중삼거리 부근),5,5,0,2,3,0,37.399755883528,127.116679914547,"{""type"":""Polygon"",""coordinates"":[[[127.11847655,37.39975588],[127.11844202,37.39947744],[127.11833978,37.39920969],[127.11817376,37.39896293],[127.11795032,37.39874664],[127.11767807,37.39856914],[127.11736746,37.39843724],[127.11703042,37.39835602],[127.11667991,37.3983286],[127.11632941,37.39835602],[127.11599237,37.39843724],[127.11568176,37.39856914],[127.1154095,37.39874664],[127.11518607,37.39896293],[127.11502004,37.39920969],[127.11491781,37.39947744],[127.11488328,37.39975588],[127.11491781,37.40003433],[127.11502004,37.40030208],[127.11518607,37.40054883],[127.1154095,37.40076511],[127.11568176,37.40094261],[127.11599237,37.4010745],[127.11632941,37.40115572],[127.11667991,37.40118314],[127.11703042,37.40115572],[127.11736746,37.4010745],[127.11767807,37.40094261],[127.11795032,37.40076511],[127.11817376,37.40054883],[127.11833978,37.40030208],[127.11844202,37.40003433],[127.11847655,37.39975588]]]}",13
성남시,2015,자전거사고다발지,6223544,2016147,4113510200,41135003,경기도 성남시 분당구3,경기도 성남시 분당구 수내동(문옥관전통학원 부근),4,4,0,3,1,0,37.365754080887,127.125520639667,"{""type"":""Polygon"",""coordinates"":[[[127.12731727,37.36575408],[127.12728275,37.36547551],[127.12718051,37.36520764],[127.12701448,37.36496077],[127.12679105,37.36474438],[127.12651879,37.3645668],[127.12620818,37.36443484],[127.12587114,37.36435358],[127.12552064,37.36432615],[127.12517013,37.36435358],[127.1248331,37.36443484],[127.12452249,37.3645668],[127.12425023,37.36474438],[127.1240268,37.36496077],[127.12386077,37.36520764],[127.12375853,37.36547551],[127.12372401,37.36575408],[127.12375853,37.36603265],[127.12386077,37.36630052],[127.1240268,37.36654739],[127.12425023,37.36676377],[127.12452249,37.36694134],[127.1248331,37.3670733],[127.12517013,37.36715455],[127.12552064,37.36718199],[127.12587114,37.36715455],[127.12620818,37.3670733],[127.12651879,37.36694134],[127.12679105,37.36676377],[127.12701448,37.36654739],[127.12718051,37.36630052],[127.12728275,37.36603265],[127.12731727,37.36575408]]]}",16
성남시,2013,무단횡단사고다발지,220312,2014117,4113510700,411333001,경기 분당1,경기도 성남시 분당구 야탑동(야탑역사거리 부근),4,4,0,1,0,3,37.410863750063,127.12889512711,"{""type"":""Polygon"",""coordinates"":[[[127.1312913,37.4127751],[127.130887,37.4130506],[127.1304336,37.4132722],[127.1299423,37.4134345],[127.1294252,37.4135335],[127.1288951,37.4135668],[127.128365,37.4135335],[127.1278479,37.4134345],[127.1273567,37.4132722],[127.1269033,37.4130506],[127.1264989,37.4127751],[127.1261536,37.4124525],[127.1258758,37.4120909],[127.1256723,37.411699],[127.1255482,37.4112866],[127.1255065,37.4108637],[127.1255482,37.4104409],[127.1256724,37.4100284],[127.1258759,37.4096365],[127.1261537,37.4092749],[127.126499,37.4089524],[127.1269034,37.4086769],[127.1273568,37.4084553],[127.127848,37.408293],[127.128365,37.408194],[127.1288951,37.4081607],[127.1294252,37.408194],[127.1299422,37.408293],[127.1304335,37.4084553],[127.1308869,37.4086769],[127.1312912,37.4089524],[127.1316366,37.4092749],[127.1319144,37.4096365],[127.1321179,37.4100284],[127.1322421,37.4104409],[127.1322838,37.4108637],[127.1322421,37.4112866],[127.132118,37.411699],[127.1319145,37.4120909],[127.1316367,37.4124525],[127.1312913,37.4127751]]]}",5
성남시,2013,보행노인사고다발지,5058009,2014105,4113510700,41135001,경기도 성남시 분당구1,경기도 성남시 분당구 야탑동(야탑사거리 부근),3,3,0,3,0,0,37.416703859297,127.128640295214,"{""type"":""Polygon"",""coordinates"":[[[127.1302379,37.4179781],[127.1298955,37.4182022],[127.1295049,37.4183687],[127.1290811,37.4184713],[127.1286403,37.4185059],[127.1281995,37.4184713],[127.1277757,37.4183687],[127.1273851,37.4182022],[127.1270427,37.4179781],[127.1267617,37.417705],[127.126553,37.4173935],[127.1264244,37.4170554],[127.126381,37.4167038],[127.1264244,37.4163523],[127.126553,37.4160142],[127.1267618,37.4157027],[127.1270428,37.4154296],[127.1273851,37.4152055],[127.1277757,37.415039],[127.1281995,37.4149364],[127.1286403,37.4149018],[127.129081,37.4149364],[127.1295049,37.415039],[127.1298955,37.4152055],[127.1302378,37.4154296],[127.1305188,37.4157027],[127.1307276,37.4160142],[127.1308562,37.4163523],[127.1308996,37.4167038],[127.1308562,37.4170554],[127.1307276,37.4173935],[127.1305188,37.417705],[127.1302379,37.4179781]]]}",15
성남시,2012,무단횡단사고다발지,167082,2013114,4113511100,411333003,경기 분당3,경기도 성남시 분당구 금곡동(청솔마을사거리 부근),4,4,1,1,2,0,37.353200984039,127.108843448867,"{""type"":""Polygon"",""coordinates"":[[[127.1112378,37.3551123],[127.1108338,37.3553878],[127.1103807,37.3556094],[127.1098898,37.3557718],[127.1093732,37.3558708],[127.1088434,37.3559041],[127.1083137,37.3558708],[127.1077971,37.3557718],[127.1073062,37.3556094],[127.1068531,37.3553878],[127.1064491,37.3551123],[127.106104,37.3547898],[127.1058264,37.3544281],[127.1056231,37.3540362],[127.105499,37.3536238],[127.1054574,37.3532009],[127.1054991,37.3527781],[127.1056231,37.3523656],[127.1058265,37.3519738],[127.1061041,37.3516121],[127.1064492,37.3512896],[127.1068532,37.3510141],[127.1073063,37.3507925],[127.1077971,37.3506302],[127.1083138,37.3505312],[127.1088434,37.3504979],[127.1093731,37.3505312],[127.1098898,37.3506302],[127.1103806,37.3507925],[127.1108337,37.3510141],[127.1112377,37.3512896],[127.1115828,37.3516121],[127.1118604,37.3519738],[127.1120638,37.3523656],[127.1121878,37.3527781],[127.1122295,37.3532009],[127.1121879,37.3536238],[127.1120638,37.3540362],[127.1118605,37.3544281],[127.1115829,37.3547898],[127.1112378,37.3551123]]]}",17
성남시,2012,무단횡단사고다발지,167333,2013114,4113511400,411333002,경기 분당2,경기도 성남시 분당구 구미동(오리삼거리 부근),4,5,0,4,1,0,37.338698028392,127.108941252838,"{""type"":""Polygon"",""coordinates"":[[[127.1113352,37.3406094],[127.1109312,37.3408849],[127.1104783,37.3411065],[127.1099874,37.3412688],[127.1094709,37.3413678],[127.1089413,37.3414011],[127.1084116,37.3413678],[127.1078951,37.3412688],[127.1074043,37.3411065],[127.1069513,37.3408849],[127.1065473,37.3406094],[127.1062023,37.3402868],[127.1059248,37.3399252],[127.1057215,37.3395333],[127.1055975,37.3391208],[127.1055558,37.338698],[127.1055975,37.3382751],[127.1057216,37.3378627],[127.1059249,37.3374708],[127.1062024,37.3371092],[127.1065475,37.3367866],[127.1069514,37.3365112],[127.1074044,37.3362895],[127.1078951,37.3361272],[127.1084117,37.3360282],[127.1089413,37.3359949],[127.1094708,37.3360282],[127.1099874,37.3361272],[127.1104782,37.3362895],[127.1109311,37.3365112],[127.111335,37.3367866],[127.1116801,37.3371092],[127.1119576,37.3374708],[127.1121609,37.3378627],[127.112285,37.3382751],[127.1123267,37.338698],[127.112285,37.3391208],[127.112161,37.3395333],[127.1119577,37.3399252],[127.1116802,37.3402868],[127.1113352,37.3406094]]]}",21
성남시,2012,무단횡단사고다발지,167345,2013114,4113510700,411333001,경기 분당1,경기도 성남시 분당구 야탑동(야탑역사거리 부근),4,4,0,3,0,1,37.40978276946,127.128821361118,"{""type"":""Polygon"",""coordinates"":[[[127.1312175,37.4116941],[127.1308132,37.4119696],[127.1303598,37.4121912],[127.1298685,37.4123535],[127.1293515,37.4124525],[127.1288214,37.4124858],[127.1282912,37.4124525],[127.1277742,37.4123535],[127.1272829,37.4121912],[127.1268295,37.4119696],[127.1264252,37.4116941],[127.1260799,37.4113716],[127.125802,37.4110099],[127.1255986,37.410618],[127.1254744,37.4102056],[127.1254327,37.4097827],[127.1254745,37.4093599],[127.1255986,37.4089474],[127.1258021,37.4085556],[127.12608,37.4081939],[127.1264253,37.4078714],[127.1268296,37.4075959],[127.127283,37.4073743],[127.1277743,37.407212],[127.1282913,37.407113],[127.1288214,37.4070797],[127.1293514,37.407113],[127.1298685,37.407212],[127.1303597,37.4073743],[127.1308131,37.4075959],[127.1312174,37.4078714],[127.1315628,37.4081939],[127.1318406,37.4085556],[127.1320441,37.4089474],[127.1321682,37.4093599],[127.13221,37.4097827],[127.1321683,37.4102056],[127.1320442,37.410618],[127.1318407,37.4110099],[127.1315629,37.4113716],[127.1312175,37.4116941]]]}",15
성남시,2012,무단횡단사고다발지,167496,2013114,4113510500,411333005,경기 분당5,경기도 성남시 분당구 서현동(분당미르치과병원 부근),6,6,0,6,0,0,37.383154141351,127.122796420519,"{""type"":""Polygon"",""coordinates"":[[[127.1251917,37.3850655],[127.1247876,37.385341],[127.1243343,37.3855626],[127.1238432,37.3857249],[127.1233263,37.3858239],[127.1227964,37.3858572],[127.1222665,37.3858239],[127.1217496,37.3857249],[127.1212585,37.3855626],[127.1208053,37.385341],[127.1204011,37.3850655],[127.1200559,37.3847429],[127.1197782,37.3843813],[127.1195748,37.3839894],[127.1194507,37.3835769],[127.119409,37.3831541],[127.1194507,37.3827312],[127.1195748,37.3823188],[127.1197783,37.3819269],[127.120056,37.3815653],[127.1204012,37.3812428],[127.1208054,37.3809673],[127.1212586,37.3807457],[127.1217497,37.3805834],[127.1222665,37.3804843],[127.1227964,37.3804511],[127.1233263,37.3804843],[127.1238432,37.3805834],[127.1243342,37.3807457],[127.1247874,37.3809673],[127.1251916,37.3812428],[127.1255368,37.3815653],[127.1258146,37.3819269],[127.126018,37.3823188],[127.1261421,37.3827312],[127.1261838,37.3831541],[127.1261422,37.3835769],[127.1260181,37.3839894],[127.1258147,37.3843813],[127.125537,37.3847429],[127.1251917,37.3850655]]]}",30
성남시,2012,무단횡단사고다발지,167187,2013114,4113511400,411333004,경기 분당4,경기도 성남시 분당구 구미동(무지개사거리 부근),5,5,0,3,1,1,37.338203624299,127.116237707106,"{""type"":""Polygon"",""coordinates"":[[[127.1186316,37.340115],[127.1182277,37.3403905],[127.1177747,37.3406121],[127.1172839,37.3407744],[127.1167673,37.3408734],[127.1162377,37.3409067],[127.1157081,37.3408734],[127.1151915,37.3407744],[127.1147007,37.3406121],[127.1142478,37.3403905],[127.1138438,37.340115],[127.1134988,37.3397924],[127.1132212,37.3394308],[127.113018,37.3390389],[127.112894,37.3386264],[127.1128523,37.3382036],[127.112894,37.3377807],[127.113018,37.3373683],[127.1132213,37.3369764],[127.1134989,37.3366148],[127.1138439,37.3362922],[127.1142479,37.3360168],[127.1147008,37.3357951],[127.1151916,37.3356328],[127.1157081,37.3355338],[127.1162377,37.3355005],[127.1167673,37.3355338],[127.1172838,37.3356328],[127.1177746,37.3357951],[127.1182275,37.3360168],[127.1186315,37.3362922],[127.1189765,37.3366148],[127.1192541,37.3369764],[127.1194574,37.3373683],[127.1195814,37.3377807],[127.1196231,37.3382036],[127.1195814,37.3386264],[127.1194574,37.3390389],[127.1192542,37.3394308],[127.1189766,37.3397924],[127.1186316,37.340115]]]}",16
성남시,2012,무단횡단사고다발지,167519,2013114,4113510600,411333006,경기 분당6,경기도 성남시 분당구 이매동((주)건축사무소도시건축 부근),9,9,1,5,2,1,37.387347252874,127.124463107088,"{""type"":""Polygon"",""coordinates"":[[[127.1268586,37.3892586],[127.1264543,37.3895341],[127.1260011,37.3897557],[127.12551,37.389918],[127.1249931,37.390017],[127.1244631,37.3900503],[127.1239331,37.390017],[127.1234162,37.389918],[127.1229251,37.3897557],[127.1224719,37.3895341],[127.1220676,37.3892586],[127.1217224,37.388936],[127.1214447,37.3885744],[127.1212413,37.3881825],[127.1211172,37.3877701],[127.1210755,37.3873472],[127.1211172,37.3869244],[127.1212413,37.3865119],[127.1214448,37.38612],[127.1217225,37.3857584],[127.1220678,37.3854359],[127.122472,37.3851604],[127.1229252,37.3849388],[127.1234163,37.3847765],[127.1239332,37.3846775],[127.1244631,37.3846442],[127.124993,37.3846775],[127.1255099,37.3847765],[127.126001,37.3849388],[127.1264542,37.3851604],[127.1268584,37.3854359],[127.1272037,37.3857584],[127.1274814,37.38612],[127.1276849,37.3865119],[127.127809,37.3869244],[127.1278507,37.3873472],[127.127809,37.3877701],[127.1276849,37.3881825],[127.1274815,37.3885744],[127.1272038,37.388936],[127.1268586,37.3892586]]]}",37
성남시,2012,보행노인사고다발지,149123,2013098,4113510700,41135002,경기도 성남시 분당구2,경기도 성남시 분당구 야탑동((주)이랜드뉴코아아울렛야탑점 부근),3,3,0,3,0,0,37.410285635275,127.127570333105,"{""type"":""Polygon"",""coordinates"":[[[127.1291678,37.4115599],[127.1288254,37.411784],[127.1284349,37.4119505],[127.1280111,37.412053],[127.1275703,37.4120877],[127.1271296,37.412053],[127.1267058,37.4119505],[127.1263152,37.411784],[127.1259729,37.4115599],[127.1256919,37.4112868],[127.1254832,37.4109752],[127.1253546,37.4106372],[127.1253112,37.4102856],[127.1253547,37.4099341],[127.1254832,37.409596],[127.125692,37.4092845],[127.1259729,37.4090114],[127.1263153,37.4087873],[127.1267058,37.4086208],[127.1271296,37.4085182],[127.1275703,37.4084836],[127.128011,37.4085182],[127.1284348,37.4086208],[127.1288254,37.4087873],[127.1291677,37.4090114],[127.1294487,37.4092845],[127.1296574,37.409596],[127.129786,37.4099341],[127.1298294,37.4102856],[127.129786,37.4106372],[127.1296575,37.4109752],[127.1294487,37.4112868],[127.1291678,37.4115599]]]}",15
성남시,2012,보행노인사고다발지,138899,2013098,4113511400,41135001,경기도 성남시 분당구1,경기도 성남시 분당구 구미동(무지개사거리 부근),3,3,0,3,0,0,37.337198115701,127.116094937932,"{""type"":""Polygon"",""coordinates"":[[[127.1176908,37.3384724],[127.1173488,37.3386965],[127.1169586,37.338863],[127.1165352,37.3389656],[127.1160949,37.3390002],[127.1156546,37.3389656],[127.1152312,37.338863],[127.114841,37.3386965],[127.114499,37.3384724],[127.1142184,37.3381993],[127.1140098,37.3378877],[127.1138814,37.3375497],[127.113838,37.3371981],[127.1138814,37.3368465],[127.1140099,37.3365085],[127.1142184,37.3361969],[127.1144991,37.3359239],[127.1148411,37.3356997],[127.1152313,37.3355332],[127.1156546,37.3354307],[127.1160949,37.3353961],[127.1165352,37.3354307],[127.1169586,37.3355332],[127.1173488,37.3356997],[127.1176908,37.3359239],[127.1179715,37.3361969],[127.11818,37.3365085],[127.1183085,37.3368465],[127.1183518,37.3371981],[127.1183085,37.3375497],[127.1181801,37.3378877],[127.1179715,37.3381993],[127.1176908,37.3384724]]]}",15
